year,month,day,temp_high,temp_avg,temp_low,humidity_high,humidity_avg,humidity_low,percipitation,events
2012,1,2,49,41,32,51,42,32,0,
2012,1,3,34,28,21,58,43,27,T,Snow
2012,1,4,35,26,17,47,42,37,0,
2012,1,5,50,40,30,75,55,34,0,
2012,1,6,63,48,33,82,55,27,0,
2012,1,7,68,52,36,89,63,37,0,
2012,1,8,52,45,37,59,48,36,0,
2012,1,9,40,37,33,96,74,52,0.16,Fog; Rain; Snow
2012,1,10,54,43,32,96,67,38,0,Fog
2012,1,11,49,41,33,93,85,76,0.51,Rain
2012,1,12,57,51,44,93,78,62,0.24,Rain
2012,1,13,51,40,29,86,58,30,0.05,Rain
2012,1,14,39,33,27,55,46,37,0,
2012,1,15,36,32,27,55,41,26,0,
2012,1,16,42,34,25,60,50,40,0.03,Rain
2012,1,17,60,50,40,89,76,62,0.26,Rain
2012,1,18,58,43,28,77,54,30,0,
2012,1,19,41,33,25,58,49,40,0,
2012,1,20,40,34,28,70,51,32,0.05,Fog; Snow
2012,1,21,34,31,28,92,82,72,0.23,Rain; Snow
2012,1,22,32,31,30,85,76,66,T,Snow
2012,1,23,44,38,32,100,91,82,0.03,Fog; Rain
2012,1,24,56,47,38,100,76,51,0,
2012,1,25,49,43,36,76,61,46,0,
2012,1,26,55,48,40,89,80,71,T,
2012,1,27,62,52,41,100,75,49,0.63,Rain; Thunderstorm
2012,1,28,55,44,33,82,56,29,0,
2012,1,29,49,41,32,51,36,21,0,
2012,1,30,48,41,34,59,40,21,0,
2012,1,31,66,53,39,59,42,24,0,
2012,2,1,72,60,48,71,54,36,0.02,Rain
2012,2,2,58,50,42,93,68,42,0.09,Rain
2012,2,3,52,45,37,64,51,38,0,
2012,2,4,46,41,35,92,76,60,0.08,Rain
2012,2,5,45,40,35,76,65,53,T,Rain
2012,2,6,52,41,29,85,59,32,0,
2012,2,7,56,48,40,70,53,35,0,
2012,2,8,43,40,37,85,71,57,0.11,Rain
2012,2,9,47,40,33,85,58,31,0,
2012,2,10,47,40,33,70,55,40,T,Rain
2012,2,11,43,33,23,92,66,39,0.1,Rain; Snow
2012,2,12,33,28,23,81,58,35,0.01,Snow
2012,2,13,50,37,24,60,41,22,0,
2012,2,14,56,47,37,70,53,35,0,
2012,2,15,55,48,40,73,56,38,0,
2012,2,16,47,44,41,89,76,62,0.09,Rain
2012,2,17,54,47,39,100,66,32,0,Fog
2012,2,18,59,47,34,89,61,32,0,
2012,2,19,45,40,35,92,64,36,0.08,Rain; Snow
2012,2,20,50,42,34,85,56,27,0,
2012,2,21,50,41,32,75,57,39,0,
2012,2,22,63,53,43,76,53,30,0,
2012,2,23,67,57,47,86,59,31,T,Rain
2012,2,24,57,52,46,89,63,36,0.32,Rain; Thunderstorm
2012,2,25,47,41,35,59,43,27,T,Snow
2012,2,26,49,42,34,59,44,29,0,
2012,2,27,64,50,36,82,53,24,0,
2012,2,28,56,48,40,61,44,26,0,
2012,2,29,56,48,40,96,73,49,1.44,Rain
2012,3,1,70,58,46,100,66,31,0.05,Fog; Rain
2012,3,2,55,48,40,86,65,43,0.34,Rain; Thunderstorm
2012,3,3,63,56,48,93,56,19,0.16,Rain
2012,3,4,51,44,37,53,41,29,0,
2012,3,5,46,39,32,61,48,35,T,
2012,3,6,49,39,29,65,48,31,0,
2012,3,7,67,54,40,64,50,35,0,
2012,3,8,74,64,53,77,58,38,T,Rain
2012,3,9,67,54,41,77,50,23,0.01,Rain
2012,3,10,50,42,34,44,33,21,0,
2012,3,11,63,49,35,70,49,27,0,
2012,3,12,72,59,45,60,46,31,0,
2012,3,13,81,69,56,80,58,35,0.01,Rain
2012,3,14,81,68,54,83,53,23,0,
2012,3,15,82,68,54,77,54,30,T,
2012,3,16,59,55,51,93,83,72,0.02,Rain
2012,3,17,75,64,52,100,75,49,0,
2012,3,18,68,60,52,96,80,63,0,
2012,3,19,76,66,56,93,72,50,0.01,
2012,3,20,72,67,62,93,80,66,0.11,Rain; Thunderstorm
2012,3,21,70,65,59,93,80,66,T,Fog
2012,3,22,78,69,59,100,80,60,T,Fog
2012,3,23,83,71,59,97,70,42,0,
2012,3,24,67,63,59,97,85,73,0.09,Rain
2012,3,25,62,57,51,100,86,72,0.2,Rain
2012,3,26,60,51,42,86,55,24,0,
2012,3,27,56,45,34,39,28,16,0,
2012,3,28,72,59,46,67,53,38,0.01,Rain
2012,3,29,70,60,50,58,43,27,0,
2012,3,30,54,49,43,80,65,50,T,Rain
2012,3,31,64,56,48,86,73,60,0,
2012,4,1,64,56,47,82,67,52,0.07,Rain
2012,4,2,62,55,47,89,58,27,0.08,Rain
2012,4,3,73,58,42,65,41,17,0,
2012,4,4,76,65,53,72,47,22,0,
2012,4,5,63,55,47,50,38,26,0,
2012,4,6,62,52,42,61,42,22,0,
2012,4,7,65,54,42,37,27,16,0,
2012,4,8,74,61,48,46,32,17,0,
2012,4,9,69,61,53,47,36,24,T,Rain
2012,4,10,68,57,45,71,46,20,0,
2012,4,11,56,48,40,65,50,35,0.01,Rain
2012,4,12,63,53,42,67,47,27,0,
2012,4,13,67,56,45,64,44,24,0,
2012,4,14,75,61,46,76,52,27,0,
2012,4,15,83,72,60,69,54,39,0,
2012,4,16,89,76,63,84,58,31,0,
2012,4,17,77,69,61,81,52,22,T,Rain
2012,4,18,62,58,53,77,56,34,0.05,Rain
2012,4,19,72,61,50,83,62,41,T,Rain
2012,4,20,76,64,52,93,68,43,0,
2012,4,21,82,70,57,84,58,31,0.16,Rain
2012,4,22,57,52,46,93,83,72,1.27,Rain
2012,4,23,50,46,42,86,71,56,0.1,Rain
2012,4,24,64,53,42,83,51,19,0,
2012,4,25,71,58,44,77,48,19,0,
2012,4,26,65,61,56,93,70,47,0.03,Rain
2012,4,27,64,56,48,60,42,24,0,
2012,4,28,56,51,45,74,55,36,0.12,Rain
2012,4,29,71,59,46,86,56,26,0.03,Rain
2012,4,30,67,59,50,77,59,41,0,
2012,5,1,84,72,60,90,68,46,0.15,Rain
2012,5,2,74,66,58,93,79,64,0.02,Rain
2012,5,3,81,69,56,93,74,54,T,
2012,5,4,84,75,65,87,68,48,0.12,Rain; Thunderstorm
2012,5,5,83,74,64,87,71,55,T,Rain; Thunderstorm
2012,5,6,72,67,61,90,76,61,T,Rain
2012,5,7,73,65,57,86,65,44,0,
2012,5,8,75,68,61,78,69,60,0.03,Rain
2012,5,9,75,67,59,93,72,50,0.58,Rain
2012,5,10,70,63,56,87,59,30,0,
2012,5,11,73,63,52,51,37,23,0,
2012,5,12,78,65,52,71,46,21,0,
2012,5,13,80,71,62,72,57,42,0,
2012,5,14,73,68,62,93,77,61,0.24,Rain
2012,5,15,79,73,67,93,78,62,1.22,Rain; Thunderstorm
2012,5,16,82,73,63,93,68,42,0,
2012,5,17,77,69,61,84,56,27,0,
2012,5,18,76,66,55,80,57,33,0,
2012,5,19,84,70,56,72,51,30,0,
2012,5,20,81,70,59,87,59,31,0.01,Rain
2012,5,21,75,71,66,93,81,68,0.03,Rain
2012,5,22,81,74,66,87,71,54,0.01,Rain
2012,5,23,81,74,66,87,75,62,0.31,Rain; Thunderstorm
2012,5,24,83,76,69,90,72,54,T,Rain
2012,5,25,86,79,71,90,71,51,T,
2012,5,26,86,79,71,90,71,51,0,
2012,5,27,87,79,70,90,69,48,0.05,Rain; Thunderstorm
2012,5,28,90,80,70,84,70,55,0,
2012,5,29,91,81,70,87,67,47,0.51,Rain; Thunderstorm
2012,5,30,83,76,69,93,68,42,T,Rain
2012,5,31,85,77,69,73,52,31,0,
2012,6,1,82,74,65,93,73,53,1.22,Rain; Thunderstorm
2012,6,2,75,68,61,87,61,35,0,
2012,6,3,80,69,58,80,57,33,T,
2012,6,4,75,69,62,67,53,38,0,Rain
2012,6,5,71,65,58,80,62,44,T,Rain
2012,6,6,75,67,58,80,59,38,0.03,Rain
2012,6,7,83,71,58,86,59,31,0,
2012,6,8,85,73,60,72,50,27,0,
2012,6,9,91,79,67,69,45,21,0,
2012,6,10,92,81,69,79,53,27,0,
2012,6,11,90,81,72,84,59,34,0,
2012,6,12,78,74,70,94,79,64,0.26,Rain
2012,6,13,82,76,69,84,57,30,0,
2012,6,14,83,76,68,73,58,43,0,
2012,6,15,82,73,64,87,62,36,0,
2012,6,16,82,73,63,67,51,34,0,
2012,6,17,77,70,62,73,62,50,0,
2012,6,18,71,67,63,93,81,68,0.28,Rain
2012,6,19,88,79,69,79,67,55,0,
2012,6,20,98,86,74,87,61,35,0,
2012,6,21,99,89,78,85,59,33,0,
2012,6,22,97,86,74,84,57,30,T,Rain
2012,6,23,91,82,73,84,55,26,0,
2012,6,24,93,83,72,71,50,28,0,
2012,6,25,89,79,69,79,52,24,T,Rain
2012,6,26,82,72,62,52,39,26,0,
2012,6,27,89,78,66,50,37,24,0,
2012,6,28,96,83,70,61,42,22,0,
2012,6,29,104,88,72,87,59,31,0.59,Rain; Thunderstorm
2012,6,30,97,85,72,93,61,29,T,Rain
2012,7,1,99,88,77,79,53,26,0,
2012,7,2,95,87,79,94,61,28,0,Thunderstorm
2012,7,3,98,87,75,82,53,24,0.02,Rain; Thunderstorm
2012,7,4,99,87,75,82,59,35,T,
2012,7,5,100,90,80,62,48,33,0,
2012,7,6,100,91,81,69,48,27,0,
2012,7,7,105,94,82,74,47,19,0,
2012,7,8,102,90,77,70,53,35,0.69,Rain; Thunderstorm
2012,7,9,87,81,74,87,64,40,0.26,Rain; Thunderstorm
2012,7,10,90,81,72,87,63,38,0.6,Rain; Thunderstorm
2012,7,11,89,81,73,87,59,31,0,
2012,7,12,88,80,72,73,53,32,0,
2012,7,13,90,83,75,60,48,36,T,
2012,7,14,88,80,71,85,67,49,0.08,Rain
2012,7,15,96,86,76,88,63,38,0.02,Rain
2012,7,16,96,86,76,79,60,41,0.02,Rain; Thunderstorm
2012,7,17,100,89,77,85,57,29,T,
2012,7,18,101,91,80,69,51,33,0,Rain; Thunderstorm
2012,7,19,95,85,75,70,56,41,0.42,Fog; Rain; Thunderstorm
2012,7,20,82,76,70,90,82,74,0.19,Rain; Thunderstorm
2012,7,21,71,69,67,90,86,81,0.21,Rain
2012,7,22,82,76,70,90,78,65,0,
2012,7,23,90,83,75,94,71,47,T,
2012,7,24,93,84,74,82,66,50,T,
2012,7,25,89,81,72,64,46,28,0,
2012,7,26,100,87,74,79,58,37,T,Rain
2012,7,27,95,86,77,85,63,41,0,
2012,7,28,97,86,74,82,57,31,0.27,Rain; Thunderstorm
2012,7,29,90,81,72,87,64,40,0,
2012,7,30,89,82,75,82,66,50,0,
2012,7,31,90,82,74,87,67,46,0.03,Rain; Thunderstorm
2012,8,1,91,82,73,84,66,47,T,Thunderstorm
2012,8,2,96,86,75,87,64,41,0,
2012,8,3,96,86,75,82,62,41,0,
2012,8,4,96,88,79,85,61,36,0,
2012,8,5,98,88,78,85,62,38,0.03,Rain; Thunderstorm
2012,8,6,93,86,78,79,60,41,0.02,Rain
2012,8,7,90,84,77,85,66,47,T,Rain
2012,8,8,91,84,77,88,66,44,T,
2012,8,9,95,86,76,94,64,33,0,
2012,8,10,88,80,72,93,73,53,0.59,Rain
2012,8,11,89,80,71,90,68,46,0.1,Rain
2012,8,12,88,80,72,79,57,34,0,Rain
2012,8,13,90,81,72,73,54,34,T,
2012,8,14,90,81,72,88,65,41,0.2,Rain
2012,8,15,86,80,73,84,66,48,0,
2012,8,16,91,80,69,78,55,31,0,
2012,8,17,94,83,72,82,56,30,0.01,Rain
2012,8,18,86,78,69,90,64,37,0.16,Rain
2012,8,19,78,74,69,84,71,58,0.36,Rain
2012,8,20,82,76,69,90,72,54,T,
2012,8,21,86,76,66,87,62,37,0.59,Rain
2012,8,22,86,77,68,84,64,44,0.35,Rain
2012,8,23,89,80,70,90,64,37,0,
2012,8,24,88,80,72,84,62,40,0,
2012,8,25,82,77,72,84,68,51,0.06,Rain
2012,8,26,84,78,71,93,79,65,0.28,Rain; Thunderstorm
2012,8,27,88,80,71,90,68,46,0,
2012,8,28,91,83,75,88,60,32,0.03,Rain
2012,8,29,87,78,69,73,54,35,0,
2012,8,30,89,79,69,84,59,34,0,
2012,8,31,97,85,73,87,56,25,0,
2012,9,1,95,84,73,76,60,44,1.64,Fog; Rain; Thunderstorm
2012,9,2,84,79,74,94,80,65,0.05,Rain
2012,9,3,85,80,75,94,78,61,T,
2012,9,4,89,83,76,88,72,55,T,Rain
2012,9,5,90,84,78,85,71,56,0.02,Rain
2012,9,6,84,79,73,94,78,61,0.24,Rain
2012,9,7,89,81,72,90,73,55,0,
2012,9,8,91,79,66,94,73,52,0.49,Fog; Rain; Thunderstorm
2012,9,9,80,71,62,78,54,30,0,
2012,9,10,77,69,60,72,52,31,0,
2012,9,11,78,68,57,77,53,28,0,
2012,9,12,81,71,60,78,57,35,0,
2012,9,13,81,71,60,84,62,39,0,
2012,9,14,83,74,64,87,66,45,0,
2012,9,15,78,71,64,84,59,33,0,
2012,9,16,76,68,60,78,58,38,0,
2012,9,17,75,67,59,84,74,64,0.14,Rain
2012,9,18,80,73,66,97,83,69,0.93,Fog; Rain
2012,9,19,72,66,59,67,51,35,0,
2012,9,20,75,65,54,80,62,44,0,
2012,9,21,80,70,59,84,69,54,0,
2012,9,22,85,76,66,87,67,47,0,
2012,9,23,71,63,55,61,47,33,0,
2012,9,24,70,63,56,67,48,28,0,
2012,9,25,76,65,53,77,57,36,0,
2012,9,26,84,75,65,78,62,46,0.05,Rain; Thunderstorm
2012,9,27,85,76,67,93,69,44,0.49,Rain; Thunderstorm
2012,9,28,81,73,65,93,71,49,0.24,Rain
2012,9,29,73,66,58,69,53,37,0,
2012,9,30,74,64,54,77,56,35,T,Rain
2012,10,1,72,63,54,83,64,44,T,Rain
2012,10,2,72,69,65,93,86,78,0.43,Fog; Rain
2012,10,3,82,76,70,97,78,58,T,Fog; Rain
2012,10,4,81,74,66,90,68,46,0.01,Rain
2012,10,5,83,72,61,84,60,36,0,
2012,10,6,80,67,54,87,66,44,0,
2012,10,7,56,53,49,93,74,55,0.11,Rain
2012,10,8,55,50,45,89,74,59,0.04,Rain
2012,10,9,64,56,48,86,76,65,0.09,Rain
2012,10,10,71,63,55,86,63,40,T,Rain
2012,10,11,63,56,49,68,50,32,0,
2012,10,12,67,57,46,82,59,36,0,
2012,10,13,60,51,41,67,50,32,0,
2012,10,14,76,64,52,83,61,38,0,
2012,10,15,72,65,57,84,72,60,0.06,Rain
2012,10,16,65,57,49,71,55,39,0,
2012,10,17,69,58,46,86,64,42,0,
2012,10,18,72,63,54,89,69,49,T,
2012,10,19,76,67,57,93,77,60,0.24,Rain
2012,10,20,69,60,51,83,60,37,0,
2012,10,21,67,58,49,71,53,34,0,
2012,10,22,73,61,48,80,54,27,0,
2012,10,23,78,65,52,86,63,40,0,
2012,10,24,84,72,59,90,61,31,0,
2012,10,25,71,67,62,90,78,66,0,
2012,10,26,71,66,61,90,76,61,0,
2012,10,27,70,65,59,90,67,44,T,
2012,10,28,62,58,54,93,72,51,0.15,Rain
2012,10,29,55,51,46,93,87,80,3.85,Rain
2012,10,30,46,44,42,89,86,82,0.84,Rain
2012,10,31,55,49,42,89,70,50,T,
2012,11,1,53,48,43,76,63,50,T,Rain
2012,11,2,55,48,41,70,55,39,0,
2012,11,3,50,46,41,58,52,45,0,
2012,11,4,53,46,38,79,60,41,0,
2012,11,5,50,44,38,59,49,39,0,
2012,11,6,48,41,34,70,55,39,0,
2012,11,7,46,43,40,60,55,49,0.02,Rain
2012,11,8,56,48,40,60,38,16,0.01,Rain; Snow
2012,11,9,58,49,39,83,60,36,0,
2012,11,10,65,52,38,92,65,37,0,
2012,11,11,71,57,43,89,61,33,0,
2012,11,12,72,61,49,89,74,59,0.01,Rain
2012,11,13,65,52,38,86,63,39,0.5,Rain
2012,11,14,49,43,36,70,56,42,0,
2012,11,15,51,45,38,70,61,52,0,
2012,11,16,55,48,41,70,53,35,0,
2012,11,17,55,46,36,70,53,35,0,
2012,11,18,53,47,40,82,68,54,0,
2012,11,19,57,51,45,71,62,52,0,
2012,11,20,57,51,44,83,69,55,0,
2012,11,21,58,49,39,86,59,32,0,
2012,11,22,60,48,35,82,55,28,0,
2012,11,23,61,49,36,85,59,32,0,
2012,11,24,50,43,36,44,39,33,0,
2012,11,25,43,38,33,70,55,39,0,
2012,11,26,56,44,32,70,50,30,0,
2012,11,27,45,41,36,86,76,65,0.06,Rain
2012,11,28,50,44,37,76,53,29,0,
2012,11,29,50,41,31,75,54,32,0,
2012,11,30,54,44,33,89,64,38,0,
2012,12,1,51,44,37,92,78,63,0,
2012,12,2,57,47,37,92,77,61,0.02,Rain
2012,12,3,71,58,44,93,73,53,0,Fog
2012,12,4,72,61,49,93,70,47,0,
2012,12,5,63,52,40,72,53,33,T,Rain
2012,12,6,44,40,35,64,52,39,0,
2012,12,7,50,44,37,93,79,64,0.05,Rain
2012,12,8,54,51,48,100,92,83,0,Fog
2012,12,9,52,51,49,93,85,77,0.14,Fog; Rain
2012,12,10,63,56,49,100,89,78,0.01,Fog; Rain
2012,12,11,62,52,41,87,66,44,0.07,Rain
2012,12,12,47,43,39,64,53,42,0,
2012,12,13,50,43,35,59,47,34,0,
2012,12,14,52,41,30,79,62,44,0,
2012,12,15,54,46,37,85,66,46,0,
2012,12,16,52,49,46,93,77,61,0.09,Rain
2012,12,17,55,52,48,96,91,86,0.07,Rain
2012,12,18,62,53,43,93,67,41,T,Rain
2012,12,19,54,45,36,85,68,50,0,
2012,12,20,53,47,41,93,73,53,0.56,Rain
2012,12,21,59,49,39,93,66,39,0.26,Rain
2012,12,22,45,40,35,52,43,33,0,
2012,12,23,47,38,29,70,51,31,0,
2012,12,24,41,36,31,92,74,55,0.14,Rain; Snow
2012,12,25,51,43,34,92,69,46,0,
2012,12,26,45,39,33,92,78,64,1.42,Rain; Snow
2012,12,27,43,40,37,92,71,49,0.02,Rain
2012,12,28,45,41,36,70,60,49,0,
2012,12,29,44,39,34,96,76,55,0.18,Rain; Snow
2012,12,30,42,37,32,59,47,34,0,
2012,12,31,41,35,29,69,57,44,0,
2013,1,1,45,42,38,70,58,45,0,
2013,1,2,40,35,30,64,51,38,0,
2013,1,3,38,34,30,63,53,43,0,
2013,1,4,46,37,27,75,54,33,0,
2013,1,5,46,39,31,64,49,34,0.01,Rain
2013,1,6,52,44,35,82,54,23,0,
2013,1,7,49,42,34,70,54,38,0,
2013,1,8,53,42,30,85,65,44,0,
2013,1,9,54,44,34,92,79,65,0.01,Rain
2013,1,10,57,50,43,53,42,30,0,
2013,1,11,46,42,38,100,75,49,0.01,Fog; Rain
2013,1,12,51,47,43,100,90,80,0,Fog
2013,1,13,55,49,43,100,96,92,T,Fog; Rain
2013,1,14,63,53,42,100,77,54,0.09,Fog; Rain
2013,1,15,42,40,37,93,85,76,0.79,Rain
2013,1,16,43,40,37,92,87,82,0.29,Rain
2013,1,17,46,43,40,96,75,53,0.01,Rain
2013,1,18,40,36,31,64,46,27,0,
2013,1,19,54,44,33,69,52,35,0,
2013,1,20,62,50,38,60,39,17,0,
2013,1,21,47,40,32,51,43,34,0,
2013,1,22,32,26,19,39,32,25,0,
2013,1,23,28,22,15,53,40,26,T,Snow
2013,1,24,29,24,19,84,57,29,0.03,Snow
2013,1,25,25,22,19,77,56,35,0.02,Snow
2013,1,26,37,31,24,74,61,47,T,Snow
2013,1,27,38,33,27,69,57,44,0,
2013,1,28,46,40,33,89,75,61,0.13,Rain; Snow
2013,1,29,69,55,41,89,68,47,0,
2013,1,30,72,62,52,100,84,68,0.86,Rain
2013,1,31,66,49,32,90,61,31,0.28,Rain
2013,2,1,36,29,21,78,53,28,0.01,Snow
2013,2,2,33,26,18,85,61,36,0.02,Snow
2013,2,3,35,31,27,92,72,51,T,Snow
2013,2,4,37,32,26,52,45,38,0,
2013,2,5,42,38,34,70,62,53,0,
2013,2,6,49,42,34,76,56,36,T,Rain
2013,2,7,41,37,32,70,61,51,0,
2013,2,8,44,39,34,92,71,50,0.2,Rain
2013,2,9,43,37,31,56,43,30,0,
2013,2,10,46,36,26,69,48,27,0,
2013,2,11,54,46,38,96,80,64,0.28,Rain
2013,2,12,59,50,40,86,57,27,0,
2013,2,13,48,41,34,85,67,49,0.19,Rain; Snow
2013,2,14,50,43,35,89,64,39,0,
2013,2,15,60,48,36,89,59,28,0.1,Rain; Snow
2013,2,16,41,37,33,92,68,43,0.02,Rain; Snow
2013,2,17,34,30,26,55,42,28,0,
2013,2,18,42,32,22,50,36,22,0,
2013,2,19,47,43,38,83,64,44,0.08,Rain
2013,2,20,41,34,27,48,41,33,0,
2013,2,21,41,33,25,49,41,33,0,
2013,2,22,35,33,31,82,65,47,0.06,Rain; Snow
2013,2,23,46,40,34,96,91,86,0.08,Rain
2013,2,24,54,45,35,89,59,29,0,
2013,2,25,52,41,30,64,48,31,0,
2013,2,26,46,40,33,92,76,60,0.62,Rain
2013,2,27,58,50,42,100,71,41,0.01,Rain
2013,2,28,49,46,42,76,55,34,0.01,Rain
2013,3,1,46,42,38,57,49,41,0,
2013,3,2,39,36,32,61,55,48,0,
2013,3,3,44,37,30,63,48,33,0,
2013,3,4,46,38,30,53,41,28,0,
2013,3,5,53,43,32,51,34,17,T,Rain
2013,3,6,41,38,34,96,83,70,1.03,Rain; Snow
2013,3,7,52,45,37,70,53,35,0,
2013,3,8,52,45,38,64,50,36,0,
2013,3,9,62,48,34,65,41,17,0,
2013,3,10,63,50,37,76,47,17,0,
2013,3,11,62,53,44,92,75,57,T,
2013,3,12,60,51,42,93,70,47,0.83,Fog; Rain
2013,3,13,52,44,36,64,45,26,T,Rain
2013,3,14,47,41,34,47,35,23,0,
2013,3,15,59,46,33,61,43,24,0,
2013,3,16,61,51,41,76,60,43,0.03,Rain
2013,3,17,43,40,37,79,65,51,0,
2013,3,18,40,37,33,92,70,48,0.32,Rain; Snow
2013,3,19,60,50,39,85,49,12,0,
2013,3,20,54,47,39,43,30,17,0,
2013,3,21,42,37,31,70,50,29,T,Snow
2013,3,22,50,39,28,48,37,26,0,
2013,3,23,55,44,32,52,39,26,0,
2013,3,24,44,39,34,56,47,37,0.04,Rain; Snow
2013,3,25,39,36,33,96,88,79,0.52,Fog; Rain; Snow
2013,3,26,51,43,35,89,63,36,0,
2013,3,27,52,46,39,59,47,34,0.01,Rain
2013,3,28,50,45,40,54,48,42,T,Rain
2013,3,29,60,51,42,65,46,27,0,
2013,3,30,61,51,41,76,48,20,0,
2013,3,31,56,51,45,93,73,53,0.02,Rain
2013,4,1,68,55,41,93,61,29,T,Fog; Rain
2013,4,2,51,45,39,38,28,18,0,
2013,4,3,54,44,33,47,33,19,0,
2013,4,4,50,41,31,85,54,23,0.16,Rain
2013,4,5,67,53,39,86,53,20,0.12,Rain
2013,4,6,59,50,40,58,40,21,0,
2013,4,7,71,57,42,70,49,27,0,
2013,4,8,80,67,53,71,51,30,0,
2013,4,9,86,73,60,72,52,32,0,
2013,4,10,91,77,63,67,47,27,0,
2013,4,11,86,72,57,86,63,40,0,
2013,4,12,75,64,53,93,86,79,0.8,Fog; Rain; Thunderstorm
2013,4,13,70,60,49,72,49,26,0,
2013,4,14,69,59,48,71,52,32,0,
2013,4,15,63,60,57,72,63,53,T,Rain
2013,4,16,74,65,56,84,71,57,0,
2013,4,17,81,71,61,90,70,49,T,Rain
2013,4,18,78,70,61,90,72,54,0.06,Rain
2013,4,19,79,66,52,87,74,60,1.37,Rain; Thunderstorm
2013,4,20,62,55,48,83,54,24,0.02,Rain
2013,4,21,56,49,42,58,43,27,0,
2013,4,22,57,49,41,73,60,47,0,
2013,4,23,63,56,48,77,60,43,0,
2013,4,24,79,64,48,86,61,36,T,
2013,4,25,65,56,47,59,42,24,0.01,Rain
2013,4,26,68,58,47,77,52,26,0,
2013,4,27,73,61,49,71,49,27,0,
2013,4,28,68,60,51,71,52,32,T,Rain
2013,4,29,62,58,54,90,85,80,0.23,Rain
2013,4,30,62,59,56,93,78,62,0.02,Rain
2013,5,1,71,61,50,77,53,28,0,
2013,5,2,68,59,49,86,64,42,0,
2013,5,3,68,59,49,83,60,37,0,
2013,5,4,69,60,50,77,58,39,0,
2013,5,5,64,56,47,77,62,46,0,
2013,5,6,65,59,52,93,82,71,T,Rain
2013,5,7,66,63,59,90,84,78,0.55,Rain
2013,5,8,72,66,59,90,72,53,0.04,Rain
2013,5,9,77,67,56,93,71,49,0.06,Rain
2013,5,10,83,71,58,97,71,45,0.48,Fog; Rain; Thunderstorm
2013,5,11,80,72,64,93,74,54,0.07,Rain; Thunderstorm
2013,5,12,67,60,53,73,48,23,T,Rain
2013,5,13,63,55,46,54,37,20,0,
2013,5,14,67,55,42,65,46,26,0,
2013,5,15,86,72,57,68,54,40,T,Rain
2013,5,16,87,77,66,73,55,37,T,Rain
2013,5,17,83,73,63,78,52,26,0,
2013,5,18,67,64,61,90,73,55,0.06,Rain
2013,5,19,77,69,61,97,83,69,0.02,Fog; Rain
2013,5,20,82,74,66,93,76,58,T,Rain
2013,5,21,82,75,68,90,79,67,0,
2013,5,22,86,78,70,93,77,61,0.02,Rain
2013,5,23,83,75,66,90,74,58,0.17,Rain; Thunderstorm
2013,5,24,67,58,49,87,65,43,0.01,Rain
2013,5,25,68,57,46,54,40,26,0,
2013,5,26,74,63,51,50,35,20,0,
2013,5,27,73,63,52,64,44,24,0,
2013,5,28,85,74,63,90,69,48,1.34,Rain; Thunderstorm
2013,5,29,90,80,69,90,66,41,0,
2013,5,30,90,80,70,84,64,44,0,
2013,5,31,91,81,70,90,64,38,0,
2013,6,1,91,82,72,73,57,41,0,
2013,6,2,86,79,72,87,71,54,0.12,Rain; Thunderstorm
2013,6,3,83,76,69,90,71,52,0.42,Rain
2013,6,4,78,70,62,63,44,25,0,
2013,6,5,80,70,59,75,56,36,0,
2013,6,6,76,70,64,87,74,60,0.85,Rain
2013,6,7,73,71,69,97,91,84,1.67,Rain
2013,6,8,82,75,68,84,67,49,T,Rain
2013,6,9,83,76,68,84,68,52,0.01,Rain
2013,6,10,80,75,70,93,84,74,2.77,Fog; Rain; Thunderstorm
2013,6,11,85,77,68,90,67,44,0,
2013,6,12,91,81,70,74,56,38,0,
2013,6,13,90,81,71,87,66,44,0.02,Rain; Thunderstorm
2013,6,14,81,72,62,73,54,35,0.02,Rain
2013,6,15,85,74,63,68,50,32,0,
2013,6,16,87,78,69,78,61,44,T,Rain
2013,6,17,86,80,73,84,71,58,T,Rain
2013,6,18,78,73,68,87,77,67,0.23,Rain
2013,6,19,78,73,67,78,63,48,0,
2013,6,20,80,73,66,87,68,48,0,
2013,6,21,84,74,63,79,54,28,0,
2013,6,22,86,77,67,87,68,48,0,
2013,6,23,86,79,72,90,76,61,0.46,Rain
2013,6,24,90,82,73,93,74,55,0.02,Rain; Thunderstorm
2013,6,25,94,83,72,87,66,44,T,Rain; Thunderstorm
2013,6,26,91,82,73,79,64,49,0.01,Rain; Thunderstorm
2013,6,27,84,78,72,90,78,65,0.23,Rain
2013,6,28,89,79,69,93,74,55,2.86,Rain; Hail; Thunderstorm
2013,6,29,87,79,70,93,66,39,0,
2013,6,30,87,82,76,88,76,63,0.28,Rain; Thunderstorm
2013,7,1,84,79,74,87,76,65,0.6,Rain
2013,7,2,84,79,74,87,78,69,0.17,Rain
2013,7,3,87,81,74,94,80,65,0.15,Rain
2013,7,4,89,83,76,94,73,52,0,
2013,7,5,90,83,76,87,70,52,0,
2013,7,6,92,85,77,85,67,49,0,
2013,7,7,92,83,74,82,67,52,0.04,Rain
2013,7,8,87,80,73,87,65,43,0.04,Rain; Thunderstorm
2013,7,9,86,81,75,87,74,61,T,Rain
2013,7,10,90,83,75,87,73,59,0.57,Rain; Thunderstorm
2013,7,11,87,81,75,87,69,51,T,Rain
2013,7,12,76,73,70,90,82,74,1.39,Rain; Thunderstorm
2013,7,13,86,79,72,90,78,65,0.07,Rain
2013,7,14,89,82,75,94,75,55,0,
2013,7,15,96,86,75,87,65,43,0,
2013,7,16,96,88,80,74,58,41,0,
2013,7,17,97,89,80,79,60,41,0,
2013,7,18,95,88,80,85,67,49,1.04,Rain; Thunderstorm
2013,7,19,95,88,81,82,67,52,0,
2013,7,20,94,87,80,79,63,46,0,Thunderstorm
2013,7,21,93,86,78,85,66,47,T,Rain; Thunderstorm
2013,7,22,89,83,76,87,71,55,0.1,Rain
2013,7,23,89,83,76,88,67,46,T,Rain; Thunderstorm
2013,7,24,86,80,74,69,57,44,0,
2013,7,25,82,74,65,68,55,42,0,
2013,7,26,84,76,67,81,61,40,0,
2013,7,27,86,79,72,87,69,51,0.26,Rain; Thunderstorm
2013,7,28,84,78,72,82,74,65,T,Rain
2013,7,29,84,76,68,79,57,34,0,
2013,7,30,85,76,66,73,55,37,0,
2013,7,31,82,77,71,90,72,54,T,Rain
2013,8,1,83,77,70,93,79,65,0.41,Rain; Thunderstorm
2013,8,2,88,80,71,90,65,39,0,
2013,8,3,82,76,70,84,69,54,0.03,Rain
2013,8,4,83,76,68,84,59,33,0,
2013,8,5,82,73,63,67,51,34,0,
2013,8,6,74,72,69,84,76,68,0.07,Rain
2013,8,7,85,79,72,84,73,61,T,Rain
2013,8,8,87,82,76,87,74,61,T,Rain; Thunderstorm
2013,8,9,93,86,78,85,67,49,0,
2013,8,10,84,80,75,76,61,46,0.01,Rain
2013,8,11,86,80,74,82,67,51,0,
2013,8,12,92,83,74,87,62,37,T,Rain
2013,8,13,89,80,71,87,66,45,0.44,Rain; Thunderstorm
2013,8,14,78,70,62,79,59,38,0,
2013,8,15,80,70,60,78,52,26,0,
2013,8,16,81,72,62,78,57,35,0,
2013,8,17,81,72,63,84,62,39,0,
2013,8,18,74,71,67,84,69,53,0.19,Rain
2013,8,19,75,70,65,87,78,68,0,
2013,8,20,89,79,69,87,69,50,0,
2013,8,21,89,81,73,87,71,55,0.07,Rain; Thunderstorm
2013,8,22,91,83,74,87,64,41,T,Rain
2013,8,23,79,73,66,79,64,49,0.11,Rain
2013,8,24,85,75,64,87,62,37,0,
2013,8,25,83,74,65,87,61,34,0,
2013,8,26,90,77,64,78,55,32,0,
2013,8,27,94,84,73,73,56,39,T,Rain
2013,8,28,83,79,75,87,75,62,0.01,Rain
2013,8,29,87,81,74,93,70,46,T,Rain
2013,8,30,88,80,72,84,67,50,0,
2013,8,31,92,83,73,84,66,47,0,
2013,9,1,93,83,72,84,63,41,0.01,
2013,9,2,92,83,73,87,66,44,0.11,Rain; Thunderstorm
2013,9,3,87,79,70,79,56,32,0,
2013,9,4,85,75,65,66,47,28,0,
2013,9,5,88,78,67,70,53,35,0,
2013,9,6,78,70,61,60,45,30,0,
2013,9,7,82,71,60,78,62,45,0,
2013,9,8,91,80,69,78,58,38,T,Rain
2013,9,9,81,73,65,79,64,48,0,
2013,9,10,92,83,73,87,70,52,0,
2013,9,11,94,85,76,87,67,46,0,
2013,9,12,93,83,73,87,67,47,0.18,Rain; Thunderstorm
2013,9,13,82,72,62,90,60,30,T,Rain
2013,9,14,73,65,56,66,51,35,0,
2013,9,15,78,66,54,77,58,38,0,
2013,9,16,77,70,63,81,65,49,0.05,Rain
2013,9,17,72,63,54,72,50,27,0,
2013,9,18,74,63,52,83,57,31,0,
2013,9,19,78,67,56,86,65,43,0,
2013,9,20,82,72,61,78,62,45,0,
2013,9,21,80,72,64,90,72,54,0.87,Rain
2013,9,22,76,67,58,90,64,38,0,Rain
2013,9,23,69,62,54,72,56,39,0,
2013,9,24,75,63,51,77,56,35,0,
2013,9,25,78,66,54,83,54,25,0,
2013,9,26,77,68,59,84,60,36,0,
2013,9,27,75,67,59,84,67,49,0,
2013,9,28,73,67,60,78,64,49,0,
2013,9,29,77,66,54,86,65,43,0,
2013,9,30,76,66,56,86,65,43,0,
2013,10,1,85,72,59,84,61,37,0,
2013,10,2,88,76,63,84,59,34,0,
2013,10,3,86,76,65,87,65,43,0,
2013,10,4,90,78,66,87,64,40,0,
2013,10,5,89,79,69,90,67,43,0,
2013,10,6,91,80,69,84,65,46,0,
2013,10,7,78,68,57,90,74,57,1.13,Rain; Thunderstorm
2013,10,8,69,62,54,72,57,42,0,
2013,10,9,63,60,57,80,70,60,0.13,Rain
2013,10,10,60,58,55,93,87,80,1.78,Rain
2013,10,11,64,62,59,93,90,87,2.76,Rain; Thunderstorm
2013,10,12,69,66,62,93,81,68,0.29,Rain
2013,10,13,66,63,59,90,79,68,0.03,Rain
2013,10,14,71,64,57,86,68,49,0,
2013,10,15,74,64,54,93,62,31,T,Rain
2013,10,16,73,68,63,87,78,68,T,Rain
2013,10,17,77,70,63,93,77,60,T,Rain
2013,10,18,69,61,53,72,55,37,0,
2013,10,19,67,60,53,84,68,52,T,Rain
2013,10,20,66,58,49,71,51,31,0,
2013,10,21,68,57,46,86,62,37,0,
2013,10,22,68,60,51,83,63,43,T,Rain
2013,10,23,61,54,46,66,52,37,0.07,Rain
2013,10,24,54,48,42,65,50,35,0,
2013,10,25,57,48,38,64,50,35,0,
2013,10,26,57,46,35,82,58,33,0,
2013,10,27,63,53,43,76,55,34,0,
2013,10,28,66,55,43,82,60,37,0,
2013,10,29,65,55,44,86,60,34,0,
2013,10,30,64,59,53,93,80,67,0.06,Rain
2013,10,31,68,62,56,93,81,68,T,Rain
2013,11,1,73,67,60,90,79,68,0.14,Rain
2013,11,2,72,62,52,84,62,40,T,Rain
2013,11,3,59,52,44,66,47,28,0,
2013,11,4,49,43,36,56,45,34,0,
2013,11,5,59,50,40,72,63,53,0,
2013,11,6,68,61,53,80,67,53,0,
2013,11,7,65,55,45,93,64,34,0.01,Rain
2013,11,8,54,45,36,64,46,28,0,
2013,11,9,56,45,34,75,54,32,0,
2013,11,10,66,54,41,67,46,24,0,
2013,11,11,58,49,39,65,48,30,0,
2013,11,12,53,44,34,60,45,30,T,
2013,11,13,45,39,32,52,43,33,0,
2013,11,14,55,42,29,75,53,30,0,
2013,11,15,61,48,34,75,52,29,0.08,Rain
2013,11,16,54,51,47,96,88,80,0.34,Rain
2013,11,17,65,59,52,96,85,73,T,Rain
2013,11,18,71,62,52,93,55,17,0.15,Rain
2013,11,19,52,47,41,49,42,35,0,
2013,11,20,49,43,36,70,55,39,0,
2013,11,21,51,44,36,76,66,56,0,
2013,11,22,63,55,47,86,74,62,T,
2013,11,23,59,47,34,64,46,28,T,Snow
2013,11,24,34,30,26,42,35,28,0,
2013,11,25,38,31,24,46,38,29,0,
2013,11,26,49,42,35,92,64,35,1.46,Rain
2013,11,27,42,37,31,92,71,49,0.74,Rain; Snow
2013,11,28,40,34,28,61,48,34,0,
2013,11,29,44,37,29,78,56,33,0,
2013,11,30,39,34,28,63,52,40,0,
2013,12,1,48,39,30,85,65,45,0,
2013,12,2,50,46,41,76,69,62,0,
2013,12,3,56,49,41,82,67,51,0,
2013,12,4,57,49,40,85,76,66,0,
2013,12,5,69,59,49,96,79,61,T,Fog; Rain
2013,12,6,64,53,41,97,90,82,0.63,Fog; Rain
2013,12,7,45,39,33,86,67,48,0.16,Rain
2013,12,8,34,32,29,85,71,56,0.82,Rain; Snow
2013,12,9,38,35,32,92,89,85,0.69,Rain
2013,12,10,40,36,31,96,74,52,0.35,Fog; Rain; Snow
2013,12,11,43,34,25,70,55,39,0,
2013,12,12,35,31,27,78,55,32,0,
2013,12,13,45,35,25,70,49,27,0,
2013,12,14,42,38,33,92,72,52,0.46,Rain
2013,12,15,51,42,33,85,65,45,0,
2013,12,16,39,36,33,69,59,48,0,
2013,12,17,40,38,35,82,73,64,0.02,Rain; Snow
2013,12,18,44,38,32,89,64,39,T,Snow
2013,12,19,61,46,30,78,53,27,0,
2013,12,20,60,52,44,71,55,38,0,
2013,12,21,72,62,51,73,61,49,0,
2013,12,22,72,65,57,93,77,61,0.24,Fog; Rain
2013,12,23,64,53,41,97,77,57,0.85,Fog; Rain
2013,12,24,43,35,26,61,47,32,T,Snow
2013,12,25,33,28,22,69,53,36,0,
2013,12,26,45,36,27,75,53,31,0,
2013,12,27,50,40,30,75,55,34,0,
2013,12,28,57,44,30,78,56,33,0,
2013,12,29,51,47,42,92,71,49,1.31,Rain
2013,12,30,48,42,35,89,70,51,0,
2013,12,31,49,40,31,61,46,31,0,
2014,1,1,48,39,30,76,59,42,0,
2014,1,2,39,36,33,89,80,70,0.34,Fog; Rain; Snow
2014,1,3,33,26,18,89,63,36,T,Snow
2014,1,4,34,26,17,62,53,43,0,
2014,1,5,42,37,31,93,74,54,0.11,Fog; Rain
2014,1,6,49,30,11,96,65,33,0.13,Fog; Rain
2014,1,7,21,14,6,45,37,28,0,
2014,1,8,31,22,13,58,43,27,0,
2014,1,9,41,35,29,69,55,40,0,
2014,1,10,39,34,28,100,77,53,0.29,Fog; Rain
2014,1,11,58,48,37,93,88,83,0.87,Fog; Rain
2014,1,12,39,34,28,100,77,53,0.57,
2014,1,13,61,47,32,89,66,42,0,
2014,1,14,54,48,41,92,71,50,0.35,Fog; Rain
2014,1,15,50,45,39,93,73,53,T,Fog; Rain
2014,1,16,42,38,34,82,58,34,T,Snow
2014,1,17,49,40,31,75,59,42,0,
2014,1,18,40,33,25,70,52,33,T,Rain; Snow
2014,1,19,51,38,25,63,48,32,0,
2014,1,20,59,49,38,64,45,25,0,
2014,1,21,41,29,17,81,68,54,0.18,Snow
2014,1,22,19,14,9,55,45,34,T,
2014,1,23,28,20,12,61,48,35,T,Snow
2014,1,24,24,18,11,51,41,30,0,
2014,1,25,35,29,22,63,50,36,T,Snow
2014,1,26,35,27,19,63,48,33,0,
2014,1,27,54,39,23,69,47,25,0,
2014,1,28,23,18,13,67,49,30,T,Snow
2014,1,29,26,20,13,73,49,25,0.03,Snow
2014,1,30,34,25,16,67,48,28,0,
2014,1,31,51,38,25,60,39,18,0,
2014,2,1,53,41,28,75,50,24,0,
2014,2,2,64,49,34,82,56,30,0,
2014,2,3,50,42,34,89,75,61,1.48,Rain; Snow
2014,2,4,39,35,30,75,62,48,0.05,Rain
2014,2,5,44,39,33,89,70,51,0.33,Rain
2014,2,6,38,34,30,58,47,35,0,
2014,2,7,44,37,29,58,49,40,0,
2014,2,8,37,33,29,58,47,35,T,Snow
2014,2,9,36,33,29,75,64,53,T,Rain; Snow
2014,2,10,35,30,25,85,62,38,0,
2014,2,11,35,29,22,57,43,29,0,
2014,2,12,31,25,19,81,60,39,0.09,Snow
2014,2,13,39,33,27,85,82,78,1.61,Rain; Snow
2014,2,14,52,43,33,70,51,32,0,
2014,2,15,40,36,31,82,63,43,0.07,Rain; Snow
2014,2,16,38,33,27,61,51,40,0,
2014,2,17,38,32,25,69,47,25,0,
2014,2,18,58,44,30,78,51,24,0.06,Snow
2014,2,19,63,49,35,86,56,25,0.12,Rain
2014,2,20,56,47,37,85,59,32,0,
2014,2,21,69,55,40,82,73,63,0.03,Rain
2014,2,22,64,49,34,92,56,19,0,Fog
2014,2,23,64,55,46,61,44,27,0,
2014,2,24,48,41,34,70,45,20,T,
2014,2,25,39,35,30,85,60,35,0.11,Snow
2014,2,26,38,33,27,85,59,32,0.07,Snow
2014,2,27,43,32,21,60,40,20,0,
2014,2,28,30,22,14,43,30,17,0,
2014,3,1,46,35,23,55,42,28,0,
2014,3,2,53,45,36,86,64,41,0.23,Rain
2014,3,3,38,28,17,85,65,45,0.55,Rain; Snow
2014,3,4,33,24,14,61,43,25,0,
2014,3,5,46,35,24,68,47,25,0,
2014,3,6,36,31,26,61,52,43,0,
2014,3,7,46,39,31,70,62,53,0,
2014,3,8,67,50,32,70,51,31,0,
2014,3,9,52,47,42,71,48,24,0,
2014,3,10,61,50,39,62,46,29,0,
2014,3,11,72,58,44,65,48,31,0,
2014,3,12,69,51,33,83,64,44,0.04,Rain
2014,3,13,36,30,24,48,29,10,0,
2014,3,14,60,44,28,49,35,21,0,
2014,3,15,70,59,47,39,27,14,0,
2014,3,16,48,40,31,85,58,31,0.32,Fog; Rain; Snow
2014,3,17,32,30,27,85,74,63,0.35,Fog; Snow
2014,3,18,43,37,31,63,56,49,0,
2014,3,19,44,40,35,89,74,59,0.37,Rain
2014,3,20,61,52,43,96,59,21,0,Fog
2014,3,21,57,51,44,71,55,38,0,
2014,3,22,73,59,44,83,50,16,0,
2014,3,23,52,43,34,53,41,29,0,
2014,3,24,43,35,26,47,35,22,0,
2014,3,25,36,34,31,89,70,51,0.29,Snow
2014,3,26,39,35,30,82,54,25,T,Snow
2014,3,27,52,40,27,53,41,29,0,
2014,3,28,68,57,46,74,60,45,0.04,Rain
2014,3,29,63,58,53,93,85,77,1.02,Fog; Rain
2014,3,30,54,45,36,83,77,70,1.05,Rain; Snow
2014,3,31,67,55,43,60,42,24,T,Rain
2014,4,1,67,56,44,63,49,34,0,
2014,4,2,69,57,45,83,61,39,0,
2014,4,3,69,61,53,72,58,44,T,Rain
2014,4,4,63,57,50,77,68,59,0.06,Rain
2014,4,5,60,53,46,89,60,31,0,
2014,4,6,63,51,39,55,35,14,0,
2014,4,7,54,48,42,93,72,50,0.38,Rain
2014,4,8,68,60,52,93,65,36,0.04,Rain
2014,4,9,69,57,44,76,49,22,0,
2014,4,10,72,59,45,61,43,25,0,
2014,4,11,82,71,60,72,47,21,T,Rain
2014,4,12,77,67,57,80,50,19,0,
2014,4,13,85,70,55,80,57,34,0,
2014,4,14,80,73,65,73,56,39,0.06,Rain
2014,4,15,72,55,38,87,71,54,1.47,Rain; Snow
2014,4,16,51,43,34,52,38,24,0,
2014,4,17,56,48,39,70,57,43,0,
2014,4,18,57,48,39,70,57,43,0,
2014,4,19,71,59,47,76,50,23,0,
2014,4,20,64,56,48,66,51,36,0,
2014,4,21,70,57,43,67,45,23,0,
2014,4,22,72,62,52,84,66,47,0.03,Rain
2014,4,23,61,55,49,55,47,39,0,
2014,4,24,66,56,45,46,33,20,0,
2014,4,25,69,59,48,86,62,37,0.39,Rain; Thunderstorm
2014,4,26,78,64,50,89,59,29,0.02,Rain
2014,4,27,70,60,50,50,39,28,0,
2014,4,28,62,56,50,83,63,43,0.11,Rain
2014,4,29,52,48,44,89,82,74,1.21,Rain
2014,4,30,67,60,52,93,90,86,2.7,Fog; Rain; Thunderstorm
2014,5,1,77,67,57,93,67,40,0.16,Fog; Rain
2014,5,2,72,64,55,66,48,29,0,
2014,5,3,74,66,57,67,48,29,T,Rain
2014,5,4,81,68,55,77,50,23,0,
2014,5,5,66,58,50,83,57,31,0.38,Rain; Thunderstorm
2014,5,6,74,64,53,83,57,31,0,Rain
2014,5,7,65,60,55,80,62,43,0.14,Rain; Thunderstorm
2014,5,8,87,73,59,84,62,40,T,Rain
2014,5,9,76,69,61,90,77,64,T,Rain
2014,5,10,78,73,67,87,73,58,0.16,Rain
2014,5,11,81,72,62,87,60,32,0,
2014,5,12,86,75,63,90,66,42,0.08,Rain
2014,5,13,92,78,63,93,69,44,0,Thunderstorm
2014,5,14,67,64,60,93,86,78,T,Rain
2014,5,15,81,74,66,93,78,62,0.4,Rain
2014,5,16,72,64,55,90,70,49,2.25,Rain
2014,5,17,69,61,52,66,51,35,0,
2014,5,18,69,61,53,59,46,32,0,
2014,5,19,74,62,49,71,48,25,0,
2014,5,20,77,67,56,67,47,27,T,
2014,5,21,80,72,63,87,71,54,0.16,Rain; Thunderstorm
2014,5,22,89,77,65,93,64,35,T,Rain
2014,5,23,81,71,61,60,45,30,0,
2014,5,24,78,68,57,62,50,38,0,
2014,5,25,84,72,60,73,51,28,0,
2014,5,26,88,76,64,78,55,31,0,
2014,5,27,92,81,69,90,64,38,0.91,Rain; Thunderstorm
2014,5,28,88,75,62,90,68,46,0.03,Rain
2014,5,29,62,60,58,87,83,78,0.29,Rain
2014,5,30,76,68,59,87,67,46,T,
2014,5,31,81,71,61,73,50,26,0,
2014,6,1,77,68,59,80,60,40,0,
2014,6,2,82,70,58,73,56,39,0,
2014,6,3,86,77,67,82,64,45,0.01,Rain
2014,6,4,90,80,70,90,60,29,0.41,Rain
2014,6,5,82,74,66,84,60,36,0.01,Rain
2014,6,6,81,72,62,67,51,35,0,
2014,6,7,86,75,64,73,54,34,0,
2014,6,8,85,76,67,79,62,44,0.24,Rain
2014,6,9,85,78,70,84,71,58,0.21,Rain
2014,6,10,88,81,74,87,69,50,0.78,Rain
2014,6,11,88,80,72,84,71,57,0.8,Rain; Thunderstorm
2014,6,12,80,76,71,90,82,74,0.09,Rain
2014,6,13,83,78,72,87,75,63,0.22,Rain; Thunderstorm
2014,6,14,78,72,66,70,55,39,0,
2014,6,15,84,72,60,73,55,37,0,
2014,6,16,90,79,68,81,62,43,0,
2014,6,17,97,85,73,84,62,39,0,
2014,6,18,95,86,77,74,59,43,T,
2014,6,19,87,81,74,82,67,51,T,Rain; Thunderstorm
2014,6,20,87,79,70,79,56,33,T,
2014,6,21,75,72,69,73,63,53,T,Rain
2014,6,22,82,75,68,87,64,40,0.09,Rain
2014,6,23,85,77,68,84,59,34,0,
2014,6,24,87,78,69,78,63,48,0,
2014,6,25,89,82,75,82,69,55,0.45,Rain; Thunderstorm
2014,6,26,89,82,74,82,61,40,0,
2014,6,27,88,80,72,73,62,51,0,
2014,6,28,87,78,69,73,55,37,0,
2014,6,29,87,78,69,66,50,33,0,
2014,6,30,89,81,72,73,61,48,0,
2014,7,1,93,85,76,74,62,49,0,
2014,7,2,99,88,77,69,56,42,0.04,Rain; Thunderstorm
2014,7,3,92,84,75,87,73,59,0.36,Rain; Thunderstorm
2014,7,4,83,76,68,87,59,31,0.16,Rain
2014,7,5,86,75,64,56,42,27,0,
2014,7,6,89,77,65,73,54,34,0,
2014,7,7,94,84,74,64,50,36,0,
2014,7,8,96,84,72,82,59,36,0.76,Rain; Thunderstorm
2014,7,9,89,81,73,87,69,50,0.02,Rain; Thunderstorm
2014,7,10,87,78,69,84,70,55,1.31,Rain; Thunderstorm
2014,7,11,89,79,69,84,64,43,0,
2014,7,12,90,82,73,84,66,47,0,
2014,7,13,94,85,76,82,63,44,0.05,Rain; Thunderstorm
2014,7,14,93,85,76,85,69,52,0.16,Rain; Thunderstorm
2014,7,15,89,81,72,85,72,59,1.71,Rain; Thunderstorm
2014,7,16,82,77,71,79,59,39,0,
2014,7,17,83,75,66,63,50,36,0,
2014,7,18,86,77,68,66,49,31,0,
2014,7,19,84,79,73,64,49,34,T,Rain
2014,7,20,85,79,73,74,59,44,0,
2014,7,21,86,80,73,79,65,51,0,
2014,7,22,88,81,74,84,67,50,0,
2014,7,23,94,85,75,82,63,44,T,Rain; Thunderstorm
2014,7,24,83,77,71,74,60,45,0.01,Rain
2014,7,25,85,75,65,68,51,34,0,
2014,7,26,88,80,72,79,61,43,T,Rain
2014,7,27,87,80,73,79,68,57,0.1,Rain
2014,7,28,86,79,71,84,60,35,T,Rain; Thunderstorm
2014,7,29,78,72,65,66,49,32,0,
2014,7,30,80,70,60,72,55,37,0,
2014,7,31,89,78,67,81,59,36,0,
2014,8,1,80,74,68,79,67,54,0.11,Rain
2014,8,2,84,76,68,78,67,55,0.06,Rain
2014,8,3,85,78,70,84,70,55,0.45,Rain; Thunderstorm
2014,8,4,89,79,69,84,62,39,0,
2014,8,5,92,81,70,79,54,28,0.38,Rain
2014,8,6,85,78,70,84,64,44,0,Rain; Thunderstorm
2014,8,7,87,79,71,79,55,30,0,
2014,8,8,84,77,69,73,54,34,0,
2014,8,9,87,79,71,74,61,48,T,
2014,8,10,88,80,71,79,60,40,0,
2014,8,11,85,78,70,78,62,45,0.03,Rain
2014,8,12,78,76,73,87,78,68,1.6,Rain; Thunderstorm
2014,8,13,86,78,70,87,64,40,0,
2014,8,14,85,75,64,73,51,29,0,
2014,8,15,82,72,62,63,46,28,0,
2014,8,16,85,75,65,68,48,27,0,
2014,8,17,88,80,72,73,61,48,0.01,Rain
2014,8,18,84,78,72,69,60,51,0,
2014,8,19,86,80,74,79,65,51,T,Rain
2014,8,20,89,81,72,79,59,38,0.26,Rain; Thunderstorm
2014,8,21,90,81,71,84,69,53,0.01,Rain
2014,8,22,84,79,74,82,74,65,T,Rain
2014,8,23,76,74,71,84,77,69,0.21,Rain
2014,8,24,82,75,68,81,61,40,0,
2014,8,25,84,75,66,87,62,37,0,
2014,8,26,89,78,67,76,57,37,0,
2014,8,27,89,79,69,84,64,44,0,Fog
2014,8,28,86,79,71,79,57,34,0,
2014,8,29,84,75,65,64,50,36,0,
2014,8,30,86,78,70,79,69,58,0,
2014,8,31,96,87,77,82,61,40,0.27,Rain; Thunderstorm
2014,9,1,95,86,76,85,71,56,0.02,Rain; Thunderstorm
2014,9,2,95,86,77,79,61,43,0.08,Rain; Thunderstorm
2014,9,3,89,83,77,85,64,43,0,
2014,9,4,91,83,74,79,63,47,0,
2014,9,5,93,85,76,87,70,52,0,
2014,9,6,95,85,75,82,63,44,0.1,Rain; Thunderstorm
2014,9,7,84,77,70,82,57,31,0,
2014,9,8,77,74,70,69,59,49,T,Rain
2014,9,9,79,75,70,78,70,62,T,
2014,9,10,83,77,71,73,64,54,0,
2014,9,11,91,82,72,84,66,47,0,
2014,9,12,80,74,67,68,55,42,0,
2014,9,13,73,68,63,81,69,57,0.23,Rain
2014,9,14,74,65,56,77,58,38,0,
2014,9,15,77,68,58,84,60,36,0,
2014,9,16,80,72,63,81,58,35,T,
2014,9,17,79,69,59,75,54,32,0,
2014,9,18,81,73,64,81,60,39,0,
2014,9,19,78,70,61,84,62,39,0,
2014,9,20,84,74,64,87,64,40,0,
2014,9,21,86,75,64,87,65,43,T,
2014,9,22,76,68,59,52,43,33,0,
2014,9,23,75,65,54,66,48,29,0,
2014,9,24,73,66,59,73,63,53,0.04,Rain
2014,9,25,69,66,63,90,82,73,0.64,Rain
2014,9,26,78,70,62,87,63,39,0,Rain
2014,9,27,85,73,60,78,55,31,0,
2014,9,28,82,72,61,84,65,45,0,
2014,9,29,74,70,65,87,78,68,0,
2014,9,30,79,73,67,87,71,54,T,Rain
2014,10,1,77,72,66,81,68,54,0.05,Rain
2014,10,2,78,71,63,90,69,48,0,Rain
2014,10,3,73,69,64,84,74,64,0.09,Rain
2014,10,4,72,61,50,84,58,32,0.03,Rain
2014,10,5,65,55,44,70,51,32,0,
2014,10,6,77,63,49,74,53,31,T,
2014,10,7,75,69,62,67,58,49,0.15,Rain; Thunderstorm
2014,10,8,80,70,59,84,58,31,T,Rain
2014,10,9,75,66,56,67,48,29,0,
2014,10,10,66,61,56,80,64,48,0.08,Rain
2014,10,11,61,58,55,86,79,72,0.4,Rain
2014,10,12,65,59,53,83,66,48,0,
2014,10,13,68,65,61,93,80,67,0.1,Fog; Rain
2014,10,14,82,73,64,93,76,58,0,
2014,10,15,80,71,61,87,78,69,1.44,Fog; Rain; Thunderstorm
2014,10,16,68,64,60,90,79,68,0.02,Rain
2014,10,17,75,66,56,86,64,41,0,
2014,10,18,74,65,55,80,57,33,0,
2014,10,19,62,56,50,59,43,27,0,
2014,10,20,70,58,45,86,63,40,0.01,Rain
2014,10,21,73,64,54,83,61,38,0.23,Rain
2014,10,22,58,57,55,83,72,61,0.86,Rain
2014,10,23,68,61,54,64,53,42,0,
2014,10,24,71,63,55,61,45,28,0,
2014,10,25,74,62,49,74,52,29,0,
2014,10,26,73,62,51,67,43,19,0,
2014,10,27,71,59,46,71,48,25,0,
2014,10,28,80,69,57,67,55,42,0,
2014,10,29,70,61,51,84,66,48,0.03,Rain
2014,10,30,63,56,49,83,60,36,0,
2014,10,31,59,53,46,71,55,39,0,
2014,11,1,54,51,48,68,57,46,T,Rain
2014,11,2,53,49,45,53,40,26,T,Rain
2014,11,3,66,55,44,47,31,15,0,
2014,11,4,69,58,47,63,48,32,0,
2014,11,5,68,61,54,80,58,36,0.01,Rain
2014,11,6,65,60,55,86,68,49,0.51,Rain
2014,11,7,58,51,43,63,48,32,T,
2014,11,8,54,45,36,64,50,35,0,
2014,11,9,61,53,44,71,55,39,0,
2014,11,10,66,54,42,83,62,40,0,
2014,11,11,71,58,44,86,70,53,0,Rain
2014,11,12,68,57,45,90,61,32,0,Fog
2014,11,13,48,44,40,79,61,42,0.03,Rain
2014,11,14,45,40,35,60,47,33,0,
2014,11,15,47,40,32,59,44,28,0,
2014,11,16,48,43,37,65,50,34,0.01,Rain
2014,11,17,52,47,42,89,67,45,0.71,Rain
2014,11,18,42,34,25,44,34,24,0,
2014,11,19,40,31,22,50,40,29,0,
2014,11,20,56,46,35,48,37,26,0,
2014,11,21,40,35,29,39,31,23,0,
2014,11,22,52,39,26,75,49,22,0,
2014,11,23,57,48,38,83,58,33,0.13,Rain
2014,11,24,74,65,56,86,66,46,0.18,Rain
2014,11,25,69,59,49,87,63,38,0,
2014,11,26,51,44,36,85,70,54,1.06,Rain; Snow
2014,11,27,49,44,38,82,62,42,T,
2014,11,28,42,38,34,59,50,40,0,
2014,11,29,49,42,34,58,49,39,0,
2014,11,30,66,54,42,65,53,40,0,
2014,12,1,70,58,46,77,64,51,0.24,Rain
2014,12,2,46,42,37,85,75,65,0.57,Rain
2014,12,3,55,48,40,86,63,39,0.05,Rain
2014,12,4,47,42,37,64,53,42,T,Rain
2014,12,5,47,42,37,64,53,42,T,Rain
2014,12,6,53,49,44,89,82,74,0.48,Rain
2014,12,7,50,44,37,76,54,31,T,
2014,12,8,38,37,35,64,52,40,T,
2014,12,9,47,41,35,85,75,65,0.33,Rain
2014,12,10,51,46,40,65,54,42,0,
2014,12,11,45,41,36,50,35,20,T,
2014,12,12,47,42,36,54,37,20,0,
2014,12,13,49,40,31,70,58,46,0,
2014,12,14,57,46,34,76,62,47,0,
2014,12,15,58,49,39,82,67,51,0,
2014,12,16,50,45,39,86,81,76,0.4,Rain
2014,12,17,58,49,40,89,64,38,0,
2014,12,18,43,40,37,52,46,40,0,
2014,12,19,43,39,34,56,50,43,0,
2014,12,20,39,35,30,63,54,44,0,
2014,12,21,45,40,34,64,55,45,0,
2014,12,22,40,37,33,85,75,64,0.24,Rain; Snow
2014,12,23,48,44,39,93,86,79,0.05,Fog; Rain
2014,12,24,59,53,46,93,88,83,0.88,Fog; Rain
2014,12,25,61,54,46,86,61,36,0.12,Rain
2014,12,26,51,44,36,76,63,49,0,
2014,12,27,60,48,36,85,62,38,0,
2014,12,28,58,52,45,77,64,51,0.08,Rain
2014,12,29,48,46,43,76,61,45,0.05,Rain
2014,12,30,45,38,31,52,41,30,0,
2014,12,31,39,34,29,63,44,25,0,
2015,1,1,47,37,27,63,45,26,0,
2015,1,2,49,42,35,64,48,31,0,
2015,1,3,42,38,34,86,73,59,0.5,Fog; Rain
2015,1,4,67,55,42,89,68,46,0.2,Rain
2015,1,5,52,41,29,49,35,20,0,
2015,1,6,32,28,24,81,55,28,0.2,Snow
2015,1,7,30,23,15,68,49,30,T,Snow
2015,1,8,26,19,12,42,36,29,0,
2015,1,9,42,34,26,42,34,25,0,
2015,1,10,30,25,19,43,32,21,0,
2015,1,11,43,32,21,68,48,27,T,Rain
2015,1,12,43,39,35,89,74,59,0.75,Rain
2015,1,13,42,36,29,73,54,35,T,
2015,1,14,33,30,26,75,61,46,T,Snow
2015,1,15,42,37,32,75,60,45,0,
2015,1,16,48,38,27,85,61,36,0,
2015,1,17,40,34,28,70,55,40,0,
2015,1,18,45,40,34,89,74,58,0.6,Rain
2015,1,19,50,42,33,76,55,34,0,
2015,1,20,50,41,31,82,62,42,0,
2015,1,21,39,37,34,89,77,64,0.08,Fog; Rain; Snow
2015,1,22,49,43,36,89,64,39,T,Rain
2015,1,23,43,37,31,85,67,49,0.65,Rain; Snow
2015,1,24,45,41,37,85,64,43,0.48,Rain
2015,1,25,52,44,36,64,53,41,0,
2015,1,26,46,38,29,79,66,53,0.21,Rain; Snow
2015,1,27,37,34,30,78,65,51,0.01,Snow
2015,1,28,39,32,24,53,40,27,0,
2015,1,29,40,33,26,70,51,32,0.05,Rain; Snow
2015,1,30,43,33,23,64,47,29,T,Snow
2015,1,31,36,28,20,63,46,28,0,
2015,2,1,44,36,27,75,54,33,0.04,Rain; Snow
2015,2,2,50,39,27,85,62,39,0.09,Rain
2015,2,3,39,32,25,52,36,13,0,
2015,2,4,55,42,29,63,48,32,0,
2015,2,5,44,33,21,59,42,25,0,
2015,2,6,38,28,17,54,39,24,0,
2015,2,7,50,38,26,63,42,20,0,
2015,2,8,68,52,35,75,50,24,0,
2015,2,9,45,40,34,85,69,53,0.07,Rain
2015,2,10,40,37,33,82,71,59,0.02,Rain; Snow
2015,2,11,47,38,29,69,50,31,0,
2015,2,12,44,32,20,75,53,30,T,Snow
2015,2,13,30,23,15,46,36,25,0,
2015,2,14,45,32,18,64,46,27,T,Snow
2015,2,15,22,17,11,38,33,28,0,
2015,2,16,20,15,10,80,56,31,0.29,Snow
2015,2,17,31,24,17,74,58,42,0.23,Snow
2015,2,18,34,24,13,88,63,37,T,Fog; Snow
2015,2,19,21,16,11,58,43,28,T,Snow
2015,2,20,22,14,5,43,33,23,0,
2015,2,21,35,25,14,82,62,41,0.7,Rain; Snow
2015,2,22,22,14,5,43,33,23,0,Rain
2015,2,23,41,30,19,64,46,28,0,
2015,2,24,30,22,14,55,44,33,0,
2015,2,25,42,32,21,74,52,30,0,
2015,2,26,39,35,31,85,66,47,0.14,Snow
2015,2,27,42,32,21,74,52,30,0,Snow
2015,2,28,33,27,20,50,39,28,0,
2015,3,1,34,29,24,85,68,50,0.51,Rain; Snow
2015,3,2,46,40,33,89,60,31,0,Fog
2015,3,3,41,36,31,70,59,47,0.04,Rain
2015,3,4,51,45,39,86,78,70,0.34,Fog; Rain
2015,3,5,45,34,23,89,72,55,0.87,Fog; Rain; Snow
2015,3,6,30,23,15,60,50,39,0,
2015,3,7,49,34,19,73,54,34,0,
2015,3,8,59,46,32,70,48,25,0,
2015,3,9,62,50,37,70,50,30,0,
2015,3,10,50,45,39,93,77,60,0.44,Fog; Rain
2015,3,11,67,57,46,93,67,40,T,Fog; Rain
2015,3,12,60,52,43,46,35,23,0,
2015,3,13,55,46,37,70,46,22,0.01,Rain
2015,3,14,60,53,45,93,78,62,0.6,Rain
2015,3,15,58,51,44,76,57,38,0,
2015,3,16,69,54,38,85,59,32,0,
2015,3,17,73,57,40,76,52,27,0,
2015,3,18,53,45,36,38,28,17,0,
2015,3,19,53,46,39,51,40,28,0,
2015,3,20,46,41,36,85,64,42,0.49,Rain; Snow
2015,3,21,61,48,35,82,65,47,0,
2015,3,22,56,51,45,66,44,22,0,
2015,3,23,51,44,36,44,33,21,0,
2015,3,24,47,42,37,52,42,31,0,
2015,3,25,54,45,35,70,56,41,T,Rain
2015,3,26,77,63,49,86,66,46,0.35,Rain; Thunderstorm
2015,3,27,52,47,41,83,61,39,0.36,Rain
2015,3,28,42,37,31,52,41,29,0,
2015,3,29,49,39,28,43,30,16,0,
2015,3,30,66,54,42,42,31,20,0.02,Rain; Snow
2015,3,31,73,58,43,71,47,22,0.01,Rain; Thunderstorm
2015,4,1,73,58,43,71,47,22,0.01,
2015,4,2,74,58,42,67,47,27,0,
2015,4,3,73,67,61,87,64,40,0.19,Rain
2015,4,4,68,57,45,67,44,20,0.05,Rain
2015,4,5,69,55,40,49,32,15,0,
2015,4,6,77,63,48,60,40,19,0,
2015,4,7,73,63,53,87,75,63,0.17,Rain
2015,4,8,53,49,45,86,80,74,0.13,Rain
2015,4,9,50,48,45,89,82,74,0.04,Rain
2015,4,10,68,57,45,86,63,40,0.01,Rain
2015,4,11,68,60,51,72,46,20,0,
2015,4,12,70,57,43,62,41,20,0,
2015,4,13,80,66,52,60,50,39,0,
2015,4,14,67,61,54,90,76,62,0.64,Rain
2015,4,15,68,60,52,72,50,27,T,
2015,4,16,74,63,52,64,44,23,0.04,Rain
2015,4,17,79,69,59,87,69,50,0.03,Rain
2015,4,18,84,73,61,84,55,26,0,
2015,4,19,69,62,55,86,61,36,0.37,Rain
2015,4,20,82,70,57,93,73,52,0.77,Rain; Thunderstorm
2015,4,21,71,63,54,78,50,22,0.16,Rain; Thunderstorm
2015,4,22,74,63,51,64,47,29,T,Rain
2015,4,23,60,53,45,49,39,28,0,
2015,4,24,63,52,40,49,34,19,0,
2015,4,25,53,49,45,83,60,36,0.27,Rain
2015,4,26,67,56,45,83,56,29,0,
2015,4,27,62,55,47,66,50,34,T,Rain
2015,4,28,72,60,48,61,47,33,0,
2015,4,29,78,65,52,66,48,29,0,
2015,4,30,74,65,56,80,62,44,0.54,Rain; Hail; Thunderstorm
2015,5,1,64,59,54,77,65,52,0.11,Rain; Thunderstorm
2015,5,2,78,65,51,77,54,31,0,
2015,5,3,84,70,56,80,51,22,0,
2015,5,4,84,70,56,77,55,32,0,
2015,5,5,86,75,64,81,63,44,0.05,Rain; Thunderstorm
2015,5,6,83,74,64,93,74,54,T,Rain
2015,5,7,81,72,62,72,63,54,0,
2015,5,8,84,74,64,87,67,46,0,
2015,5,9,83,74,65,87,67,47,T,Rain
2015,5,10,85,77,69,90,73,55,0,
2015,5,11,83,77,71,90,76,62,0,
2015,5,12,90,81,71,84,55,25,0,
2015,5,13,72,64,56,55,45,35,0,
2015,5,14,73,63,53,64,47,29,0,
2015,5,15,78,68,58,72,58,44,0,
2015,5,16,88,78,67,84,67,50,0.66,Rain; Thunderstorm
2015,5,17,87,79,70,90,71,51,T,Rain
2015,5,18,92,82,72,87,67,47,0.76,Rain; Thunderstorm
2015,5,19,90,81,72,84,61,37,0,
2015,5,20,75,69,62,56,46,35,0,
2015,5,21,63,58,53,83,65,46,0.33,Rain
2015,5,22,79,66,52,83,54,24,0,
2015,5,23,75,65,54,56,40,23,0,
2015,5,24,82,70,57,77,61,45,0,
2015,5,25,85,76,67,73,58,43,0,
2015,5,26,88,79,69,74,62,50,0,
2015,5,27,90,83,75,82,65,47,0.01,
2015,5,28,92,83,73,84,60,36,T,Rain; Thunderstorm
2015,5,29,87,81,74,82,72,61,0,Thunderstorm
2015,5,30,90,81,72,84,66,47,0,
2015,5,31,92,83,74,79,63,47,0,
2015,6,1,92,82,71,90,67,44,2.49,Rain; Hail; Thunderstorm
2015,6,2,72,66,60,90,84,78,0.46,Rain; Thunderstorm
2015,6,3,64,62,59,84,78,72,0.01,Rain
2015,6,4,65,62,59,90,84,78,0.37,Rain
2015,6,5,75,68,60,90,77,64,0.03,Rain
2015,6,6,85,75,65,93,71,48,0,
2015,6,7,79,73,67,81,67,53,0,
2015,6,8,88,77,65,84,70,55,0.65,Rain; Thunderstorm
2015,6,9,89,81,72,84,59,34,0,
2015,6,10,84,76,68,73,59,44,0,
2015,6,11,93,82,71,79,63,47,0,
2015,6,12,94,86,77,85,66,46,0.02,Rain; Thunderstorm
2015,6,13,92,84,75,82,66,50,0,
2015,6,14,93,86,78,85,67,49,0.52,Rain; Thunderstorm
2015,6,15,93,86,78,85,67,49,0.08,Rain
2015,6,16,96,87,77,88,65,42,0,
2015,6,17,84,79,74,79,65,51,0.18,Rain
2015,6,18,91,82,72,87,73,59,0.53,Rain; Thunderstorm
2015,6,19,89,81,73,85,68,50,0.12,Rain
2015,6,20,92,84,76,87,73,59,2.33,Fog; Rain; Thunderstorm
2015,6,21,94,85,76,87,67,46,0.03,Rain
2015,6,22,94,86,78,74,55,36,0,
2015,6,23,96,86,75,87,68,48,0.84,Rain; Thunderstorm
2015,6,24,86,78,70,82,61,40,0,
2015,6,25,87,79,70,84,64,43,0.48,Rain; Thunderstorm
2015,6,26,83,76,69,84,69,54,0,
2015,6,27,78,74,69,90,82,73,2.75,Rain
2015,6,28,82,75,67,84,65,45,T,Rain
2015,6,29,84,74,63,73,55,37,0,
2015,6,30,89,80,71,90,70,50,0.01,Rain
2015,7,1,88,79,69,90,67,43,1.3,Rain; Thunderstorm
2015,7,2,77,73,69,87,76,64,0.02,Rain
2015,7,3,83,75,66,93,72,51,0.03,Fog; Rain
2015,7,4,85,79,72,87,76,65,0.85,Rain; Thunderstorm
2015,7,5,87,79,71,87,71,55,T,
2015,7,6,89,83,76,88,74,59,0.02,Rain
2015,7,7,91,83,75,87,66,44,0,
2015,7,8,92,85,78,85,71,56,1.12,Rain; Thunderstorm
2015,7,9,92,85,78,85,70,55,0.03,Rain
2015,7,10,88,83,77,69,58,46,T,Rain
2015,7,11,88,82,75,82,64,45,0.09,Rain
2015,7,12,88,79,70,79,58,37,0,
2015,7,13,82,78,74,82,75,67,0.03,Rain
2015,7,14,89,83,76,82,71,59,T,
2015,7,15,88,80,72,79,65,51,0.01,Rain
2015,7,16,87,77,66,66,51,35,0,
2015,7,17,85,78,71,84,70,55,0,
2015,7,18,88,83,77,82,73,63,0.04,Rain
2015,7,19,98,89,79,91,70,48,0,
2015,7,20,97,90,82,85,64,43,0,
2015,7,21,92,86,79,74,63,52,T,Rain
2015,7,22,89,81,72,68,50,31,0,
2015,7,23,88,80,71,66,51,35,0,
2015,7,24,90,80,69,73,51,28,0,
2015,7,25,90,81,72,71,57,43,0,
2015,7,26,91,83,74,67,60,52,0,
2015,7,27,90,82,73,85,72,59,0.94,Rain; Thunderstorm
2015,7,28,94,86,77,82,67,52,0,Thunderstorm
2015,7,29,92,85,78,85,71,56,0,
2015,7,30,92,85,78,85,75,64,0.53,Rain; Thunderstorm
2015,7,31,92,83,74,69,51,32,0,
2015,8,1,92,83,74,73,57,41,T,
2015,8,2,91,82,73,64,48,32,0,
2015,8,3,93,83,72,79,58,36,0,
2015,8,4,96,86,76,79,56,33,0.04,Rain
2015,8,5,93,84,75,82,56,30,0,
2015,8,6,85,80,75,62,53,44,T,Rain
2015,8,7,83,77,70,84,68,51,0.05,Rain
2015,8,8,88,81,74,64,51,37,0,
2015,8,9,89,81,72,73,59,44,0,
2015,8,10,79,76,72,90,79,67,0.15,Rain
2015,8,11,90,82,73,93,70,46,0.34,Rain
2015,8,12,85,78,70,79,58,37,0,
2015,8,13,85,77,68,68,47,25,0,
2015,8,14,88,76,64,81,59,36,0,
2015,8,15,90,79,68,81,61,40,0,
2015,8,16,94,82,69,79,54,28,0,
2015,8,17,96,84,72,84,64,43,0,
2015,8,18,90,82,74,93,73,52,0,
2015,8,19,91,84,77,85,66,47,0,
2015,8,20,86,80,74,94,82,70,0.17,Rain; Thunderstorm
2015,8,21,86,79,71,93,64,34,0,
2015,8,22,86,76,65,84,57,30,0,
2015,8,23,85,75,64,78,59,39,0,
2015,8,24,91,81,71,87,69,50,0.41,Rain; Thunderstorm
2015,8,25,85,77,69,94,64,34,0,
2015,8,26,82,75,67,73,56,39,0,
2015,8,27,82,73,63,78,58,37,0,
2015,8,28,83,74,65,84,63,42,0,
2015,8,29,89,78,67,81,62,43,0,
2015,8,30,87,78,69,84,66,48,0,
2015,8,31,88,81,74,87,69,51,0,
2015,9,1,95,83,71,93,65,36,0,
2015,9,2,94,85,75,94,68,41,0,
2015,9,3,96,85,74,82,61,39,T,Rain; Thunderstorm
2015,9,4,92,84,75,82,63,44,0,
2015,9,5,86,80,73,87,68,48,0,
2015,9,6,87,78,68,84,57,29,0,
2015,9,7,90,80,69,84,64,44,0,
2015,9,8,92,82,72,93,69,44,0,
2015,9,9,94,85,75,94,69,44,T,Rain
2015,9,10,84,77,70,87,76,65,0.11,Rain
2015,9,11,87,76,65,84,57,29,0,
2015,9,12,75,71,67,90,82,73,0.16,Rain
2015,9,13,74,67,60,67,53,38,T,Rain
2015,9,14,80,68,55,72,51,30,0,
2015,9,15,84,72,60,78,54,29,0,
2015,9,16,86,73,60,84,58,32,0,
2015,9,17,86,75,63,93,63,32,0,
2015,9,18,87,76,65,93,63,32,0,
2015,9,19,87,77,67,97,70,42,0,
2015,9,20,82,75,68,90,65,39,0,
2015,9,21,70,67,63,93,70,47,0.23,Rain
2015,9,22,75,69,62,90,74,57,0,
2015,9,23,80,70,60,90,59,28,0,
2015,9,24,79,70,60,84,58,32,0,
2015,9,25,73,68,63,84,73,61,T,Rain
2015,9,26,74,69,64,73,63,53,T,Rain
2015,9,27,75,69,62,78,71,64,T,Rain
2015,9,28,83,75,67,93,74,55,0,
2015,9,29,80,76,71,100,87,74,1.65,Rain
2015,9,30,78,71,63,100,83,66,T,Rain
2015,10,1,63,60,57,93,86,78,0.78,Rain
2015,10,2,58,54,50,96,91,86,0.96,Rain
2015,10,3,58,54,50,93,91,89,0.19,Rain
2015,10,4,59,57,54,93,83,72,T,
2015,10,5,69,61,52,86,68,49,0,
2015,10,6,77,64,50,90,64,38,0,
2015,10,7,78,68,58,93,70,47,0,
2015,10,8,78,68,57,100,72,43,0,
2015,10,9,79,71,62,93,78,62,0.4,Rain; Thunderstorm
2015,10,10,66,59,51,78,59,40,0,
2015,10,11,71,59,47,86,65,44,0,
2015,10,12,75,63,50,96,69,41,0,
2015,10,13,78,69,59,97,72,46,T,
2015,10,14,71,63,55,77,60,42,0,
2015,10,15,68,61,53,77,56,35,0,
2015,10,16,67,59,51,77,56,34,0,
2015,10,17,60,52,44,61,49,36,0,
2015,10,18,54,46,38,65,49,32,T,
2015,10,19,56,47,37,82,62,41,0,
2015,10,20,68,56,44,93,69,44,0,
2015,10,21,73,61,48,86,62,38,0,
2015,10,22,76,63,50,89,67,44,0,
2015,10,23,70,61,52,87,59,31,0,
2015,10,24,62,55,47,82,69,55,0,
2015,10,25,71,63,54,87,67,47,0.03,Rain
2015,10,26,61,54,46,77,57,36,0,
2015,10,27,59,52,44,83,77,71,T,Rain
2015,10,28,70,63,55,93,90,86,0.65,Rain
2015,10,29,73,65,56,100,70,40,0.03,Rain
2015,10,30,61,54,46,71,57,42,0,
2015,10,31,61,52,42,82,64,46,0,
2015,11,1,64,59,53,93,80,66,0.04,Rain
2015,11,2,66,59,51,100,76,52,0,
2015,11,3,72,59,46,100,69,38,0,
2015,11,4,75,62,48,93,63,33,0.02,Rain
2015,11,5,72,65,58,100,91,81,0.15,Fog; Rain
2015,11,6,80,70,60,100,79,58,T,Fog; Rain
2015,11,7,71,63,54,93,72,51,0.11,Rain
2015,11,8,58,51,44,71,52,33,0,
2015,11,9,53,47,41,93,76,59,0.53,Rain
2015,11,10,61,56,51,100,89,77,0.24,Rain
2015,11,11,64,58,51,77,66,55,0,
2015,11,12,66,58,49,86,67,48,0.01,Rain
2015,11,13,62,56,49,63,41,19,0,
2015,11,14,55,48,41,57,42,26,0,
2015,11,15,64,50,36,76,54,32,0,
2015,11,16,70,56,42,80,53,26,0,
2015,11,17,61,54,46,80,70,60,0,
2015,11,18,65,56,46,86,77,67,0,
2015,11,19,65,62,59,100,86,72,0.63,Fog; Rain
2015,11,20,60,51,42,72,46,20,0,
2015,11,21,55,47,38,86,64,41,0,
2015,11,22,49,43,37,93,65,37,0,
2015,11,23,42,37,32,64,49,33,0,
2015,11,24,56,45,33,76,56,35,0,
2015,11,25,58,48,37,85,63,40,0,
2015,11,26,64,52,40,89,71,52,0,
2015,11,27,65,54,42,100,76,52,0,
2015,11,28,64,57,49,93,80,67,T,Rain
2015,11,29,59,52,45,93,79,65,0.17,Rain
2015,11,30,45,42,39,96,77,58,0.2,Rain
2015,12,1,48,46,44,100,97,93,0.85,Fog; Rain
2015,12,2,59,54,48,100,89,77,0.22,Fog; Rain
2015,12,3,53,48,42,66,54,42,0,
2015,12,4,53,45,36,82,62,41,0,
2015,12,5,54,44,33,89,68,46,0,
2015,12,6,52,43,33,100,77,54,0,Fog
2015,12,7,60,48,36,92,63,33,0,
2015,12,8,56,47,38,82,65,47,0,
2015,12,9,49,44,39,100,90,80,T,Fog
2015,12,10,63,52,41,96,72,47,T,Rain
2015,12,11,66,54,42,100,80,60,0,
2015,12,12,68,57,45,93,78,63,0,
2015,12,13,71,60,48,100,79,57,0,Fog
2015,12,14,69,61,53,100,87,73,0.13,Rain
2015,12,15,67,57,47,87,67,46,T,
2015,12,16,57,49,41,82,45,7,0,
2015,12,17,54,51,47,100,93,86,0.42,Fog; Rain
2015,12,18,52,44,35,89,67,44,0,
2015,12,19,45,38,30,61,46,31,0,
2015,12,20,46,39,32,70,51,32,0,
2015,12,21,58,48,38,79,61,42,0,
2015,12,22,62,57,51,100,89,77,0.14,Rain
2015,12,23,66,60,54,100,95,90,1.67,Fog; Rain
2015,12,24,71,66,60,100,91,81,0.2,Fog; Rain
2015,12,25,69,63,57,100,95,90,0.3,Fog; Rain
2015,12,26,60,56,51,100,81,62,0.01,Fog; Rain
2015,12,27,70,61,51,100,89,78,0.02,Rain
2015,12,28,60,51,41,82,71,60,0.23,Rain
2015,12,29,53,49,44,100,92,83,0.5,Fog; Rain
2015,12,30,55,52,49,100,89,77,0.15,Fog; Rain
2015,12,31,57,51,44,100,78,56,0,
2016,1,1,47,42,36,67,58,48,0,
2016,1,2,48,40,32,69,54,39,0,
2016,1,3,54,43,32,89,59,29,0,
2016,1,4,38,30,21,69,51,32,0,
2016,1,5,34,25,16,54,41,28,0,
2016,1,6,40,30,20,74,49,24,0,
2016,1,7,43,39,34,92,76,59,0,
2016,1,8,45,43,40,100,92,83,T,Rain
2016,1,9,50,46,41,100,91,82,0.23,Rain
2016,1,10,62,50,37,100,72,44,0.56,Rain
2016,1,11,41,35,28,49,36,22,0,
2016,1,12,47,38,28,70,51,31,T,Rain; Snow
2016,1,13,32,27,21,45,37,28,0,
2016,1,14,53,41,28,76,56,35,0,
2016,1,15,50,42,34,100,77,54,0.32,Rain
2016,1,16,53,46,38,100,77,53,0.01,Fog; Rain
2016,1,17,38,35,32,89,74,59,0.05,Fog; Snow
2016,1,18,34,25,16,82,59,35,T,Snow
2016,1,19,28,22,15,51,42,33,0,
2016,1,20,31,25,19,84,60,36,0.03,Snow
2016,1,21,34,29,24,84,63,41,T,Snow
2016,1,22,29,26,22,88,69,50,0.5,Fog; Snow
2016,1,23,29,27,24,92,85,78,0.97,Fog; Snow
2016,1,24,35,27,19,84,63,41,T,
2016,1,25,42,29,16,92,67,41,0,
2016,1,26,52,41,30,76,60,44,T,Rain
2016,1,27,48,40,31,71,55,39,T,Rain
2016,1,28,40,33,25,88,71,54,0,
2016,1,29,43,36,28,92,68,44,T,Snow
2016,1,30,42,33,24,81,63,45,0,
2016,1,31,57,47,36,75,58,41,0,
2016,2,1,61,52,43,93,74,55,0.12,Rain
2016,2,2,53,45,36,92,67,42,0,
2016,2,3,57,49,41,100,85,70,0.5,Fog; Rain
2016,2,4,58,50,42,100,75,50,0.02,Fog; Rain
2016,2,5,44,39,33,70,55,39,0.04,Rain; Snow
2016,2,6,44,36,28,79,55,32,0,
2016,2,7,46,38,30,78,58,37,0,
2016,2,8,46,40,34,79,64,48,0.01,Rain
2016,2,9,40,36,32,92,74,56,0.22,Rain; Snow
2016,2,10,39,33,26,69,55,40,T,Snow
2016,2,11,30,26,21,47,38,28,0,
2016,2,12,31,25,19,51,45,39,T,Snow
2016,2,13,28,22,15,68,50,31,T,Snow
2016,2,14,26,20,13,53,43,32,0.01,Snow
2016,2,15,31,26,20,92,87,81,0.47,Fog; Rain; Snow
2016,2,16,53,42,30,100,75,50,0.69,Fog; Rain
2016,2,17,49,40,31,96,71,45,0,
2016,2,18,40,35,30,64,47,29,0,
2016,2,19,42,34,26,59,47,34,0,
2016,2,20,65,53,40,77,58,39,0,
2016,2,21,57,51,45,100,87,74,0.09,Rain
2016,2,22,53,47,41,86,68,50,T,
2016,2,23,45,43,40,96,83,70,0.52,Rain
2016,2,24,65,54,42,100,92,84,1.1,Fog; Rain; Hail; Thunderstorm
2016,2,25,60,50,40,61,51,41,T,Rain
2016,2,26,40,36,31,56,45,33,0,
2016,2,27,47,37,27,64,49,34,0,
2016,2,28,65,49,33,75,53,30,0,
2016,2,29,65,55,44,61,47,33,0,
2016,3,1,65,53,40,85,58,30,T,Rain
2016,3,2,60,46,31,93,63,33,0.1,Rain
2016,3,3,41,35,29,89,62,34,0.02,Snow
2016,3,4,42,37,32,92,73,54,0.05,Snow
2016,3,5,45,40,35,64,55,46,0,
2016,3,6,52,45,37,85,62,38,T,Rain
2016,3,7,66,51,36,89,62,34,0,
2016,3,8,79,63,46,86,55,23,0,
2016,3,9,79,63,47,80,54,28,0,
2016,3,10,79,68,57,80,61,42,0,
2016,3,11,73,65,57,69,51,32,T,Rain
2016,3,12,60,55,50,77,60,43,T,
2016,3,13,60,55,49,93,78,62,0.26,Rain
2016,3,14,53,50,47,100,92,83,0.19,Rain
2016,3,15,65,56,47,93,78,63,0.03,Rain
2016,3,16,74,62,49,96,75,53,0.01,Rain
2016,3,17,69,59,49,96,62,27,T,Rain
2016,3,18,67,58,48,50,34,18,0,
2016,3,19,57,48,38,85,55,24,0.13,Rain; Snow
2016,3,20,44,41,37,85,71,57,T,Rain; Snow
2016,3,21,53,45,37,76,51,26,0,
2016,3,22,62,49,35,70,49,27,0,
2016,3,23,75,64,53,51,38,25,0,
2016,3,24,77,64,50,74,53,31,0,
2016,3,25,72,61,49,78,60,42,0.03,Rain
2016,3,26,62,52,41,71,55,39,0,
2016,3,27,57,53,48,93,81,68,0.02,Rain
2016,3,28,70,60,49,100,63,25,0.32,Rain
2016,3,29,60,53,46,54,40,26,0,
2016,3,30,63,52,41,62,45,28,0,
2016,3,31,74,64,54,77,59,41,T,
2016,4,1,83,74,64,81,60,38,0.05,Rain
2016,4,2,66,56,45,80,55,29,0.1,Rain
2016,4,3,54,46,37,54,40,26,T,Snow
2016,4,4,74,57,39,80,55,29,0.07,Rain
2016,4,5,46,38,30,64,45,26,T,Snow
2016,4,6,57,45,32,64,48,32,0,
2016,4,7,65,57,48,93,67,40,0.7,Rain
2016,4,8,54,49,43,53,42,30,0,
2016,4,9,50,42,34,86,61,36,0.17,Rain; Snow
2016,4,10,52,42,31,60,43,26,0,
2016,4,11,73,60,47,66,52,38,0.01,Rain
2016,4,12,68,58,48,86,56,25,0.05,Rain
2016,4,13,59,51,43,49,40,30,0,
2016,4,14,64,52,40,76,53,30,0,
2016,4,15,64,53,42,76,53,30,0,
2016,4,16,72,59,45,71,48,24,0,
2016,4,17,74,61,47,71,47,23,0,
2016,4,18,85,68,51,77,48,19,0,
2016,4,19,84,70,56,80,52,24,0,
2016,4,20,71,61,50,55,37,18,0,
2016,4,21,76,63,49,78,59,39,0,
2016,4,22,76,70,64,93,73,53,T,Rain
2016,4,23,71,63,55,90,64,37,0.26,Rain
2016,4,24,67,57,46,51,35,19,0,
2016,4,25,78,65,51,83,62,40,0,
2016,4,26,86,76,65,73,53,32,0,
2016,4,27,71,62,53,93,81,68,0.03,Rain
2016,4,28,56,52,48,93,88,83,0.58,Rain
2016,4,29,56,52,48,93,85,77,0.01,Rain
2016,4,30,58,55,51,96,84,72,0.02,Rain
2016,5,1,59,56,52,100,93,86,0.48,Rain
2016,5,2,76,66,55,100,85,69,1.24,Fog; Rain; Hail; Thunderstorm
2016,5,3,73,66,58,100,81,61,0.17,Rain; Thunderstorm
2016,5,4,60,57,53,93,84,75,0.03,Rain
2016,5,5,58,55,51,89,78,67,0.02,Rain
2016,5,6,55,53,51,93,85,77,0.79,Rain
2016,5,7,67,59,50,100,78,56,0.14,Rain
2016,5,8,72,63,54,93,59,24,0.04,Rain
2016,5,9,64,57,50,87,71,54,0.06,Rain
2016,5,10,65,61,56,93,75,56,0.01,Rain
2016,5,11,61,58,54,93,85,77,0.41,Rain
2016,5,12,66,62,58,93,86,78,0,
2016,5,13,78,69,59,93,66,38,0.08,Rain
2016,5,14,76,64,52,84,63,41,0.13,Rain
2016,5,15,62,55,48,66,48,29,0,
2016,5,16,67,56,45,70,49,28,0,
2016,5,17,59,57,54,86,71,55,0.41,Rain
2016,5,18,66,60,54,86,69,52,T,Rain
2016,5,19,70,63,56,77,62,47,0.01,
2016,5,20,76,65,53,93,62,31,0,
2016,5,21,63,59,55,93,79,65,0.65,Rain
2016,5,22,58,56,54,93,90,86,0.37,Rain
2016,5,23,75,66,57,93,73,53,0.18,Rain; Thunderstorm
2016,5,24,83,70,57,93,62,30,T,Rain
2016,5,25,86,73,60,90,60,30,0,
2016,5,26,88,76,63,93,70,46,0,
2016,5,27,88,79,69,84,70,55,0,
2016,5,28,87,79,70,84,68,51,0,
2016,5,29,83,75,66,93,76,58,0.43,Rain
2016,5,30,80,74,68,90,77,64,T,
2016,5,31,87,79,70,90,71,51,0,
2016,6,1,87,78,69,97,70,42,0,
2016,6,2,82,75,68,87,75,62,0,
2016,6,3,81,77,72,93,84,74,0.32,Rain
2016,6,4,82,76,70,100,85,69,T,
2016,6,5,85,78,70,93,79,64,0.16,Rain
2016,6,6,87,78,69,90,65,40,0,
2016,6,7,87,76,65,97,66,34,T,Rain
2016,6,8,74,68,62,63,46,29,0,
2016,6,9,82,68,53,77,52,26,0,
2016,6,10,82,73,63,64,48,32,0,
2016,6,11,96,81,66,81,55,28,0,
2016,6,12,93,82,70,74,45,15,0,
2016,6,13,81,73,64,52,44,36,0,
2016,6,14,81,74,67,61,46,31,0,
2016,6,15,83,75,66,81,70,58,T,Rain
2016,6,16,89,79,68,97,75,53,0.46,Rain; Thunderstorm
2016,6,17,82,74,66,93,69,45,0,
2016,6,18,85,76,66,73,53,32,0,
2016,6,19,90,78,65,61,45,29,0,
2016,6,20,91,80,68,67,51,34,0,
2016,6,21,91,82,72,93,70,47,0.99,Fog; Rain; Thunderstorm
2016,6,22,86,78,69,93,63,32,0,
2016,6,23,82,76,70,93,78,62,0.53,Rain; Thunderstorm
2016,6,24,86,79,71,90,76,61,0,
2016,6,25,85,79,72,84,62,40,0,
2016,6,26,86,76,66,78,55,31,0,
2016,6,27,87,78,68,90,74,57,0.35,Rain
2016,6,28,87,78,69,94,80,65,0.87,Rain; Thunderstorm
2016,6,29,82,75,68,90,66,42,0,
2016,6,30,84,75,65,73,60,46,0,
2016,7,1,88,80,71,93,76,59,0.24,Rain; Thunderstorm
2016,7,2,80,75,70,93,65,36,0,
2016,7,3,74,69,64,90,70,49,0.07,Rain
2016,7,4,74,71,68,100,92,84,0.31,Rain
2016,7,5,91,83,74,100,76,52,0.27,Rain
2016,7,6,94,86,77,91,69,46,0,
2016,7,7,93,85,77,94,70,46,0,
2016,7,8,91,84,77,91,74,56,0.03,Rain
2016,7,9,93,86,78,91,68,44,0.18,Rain
2016,7,10,86,80,74,64,54,44,0,
2016,7,11,88,79,70,68,56,43,0,
2016,7,12,87,80,73,79,64,48,0,
2016,7,13,90,83,75,94,75,56,T,
2016,7,14,98,87,75,91,67,42,0,
2016,7,15,94,85,76,76,57,38,0,
2016,7,16,93,83,72,87,64,41,0.43,Rain; Thunderstorm
2016,7,17,93,82,71,93,66,38,0,
2016,7,18,95,84,73,88,67,46,0.44,Rain; Thunderstorm
2016,7,19,92,81,70,87,63,38,0.46,Rain; Thunderstorm
2016,7,20,89,80,70,97,70,43,0,Rain; Thunderstorm
2016,7,21,90,81,71,90,67,43,0,
2016,7,22,95,85,74,87,67,46,0,
2016,7,23,98,89,79,79,59,39,0,Thunderstorm
2016,7,24,97,89,80,82,60,38,T,Rain; Thunderstorm
2016,7,25,100,91,81,88,65,42,0,Rain; Thunderstorm
2016,7,26,98,89,80,79,58,36,0,
2016,7,27,97,89,81,79,56,33,0,
2016,7,28,95,86,77,79,66,52,0.27,Rain; Thunderstorm
2016,7,29,92,84,75,94,71,47,0.1,Rain
2016,7,30,90,82,74,94,77,59,0.33,Rain; Thunderstorm
2016,7,31,92,84,75,94,75,56,T,Rain; Thunderstorm
2016,8,1,93,85,76,87,68,49,0,
2016,8,2,91,83,75,94,72,49,0,
2016,8,3,83,78,72,84,70,55,0,
2016,8,4,86,78,70,84,64,43,0,
2016,8,5,85,79,73,85,74,62,T,
2016,8,6,94,85,75,94,73,52,0.06,Rain
2016,8,7,92,82,71,68,49,30,0,
2016,8,8,92,81,70,69,51,32,0,
2016,8,9,81,75,68,85,74,62,T,Rain
2016,8,10,95,86,77,94,72,49,0,
2016,8,11,97,88,78,85,64,43,0,Rain
2016,8,12,99,90,81,82,64,45,0,Rain
2016,8,13,101,91,81,85,64,42,0,
2016,8,14,100,90,80,79,58,37,T,
2016,8,15,100,87,73,94,67,39,1.16,Rain; Thunderstorm
2016,8,16,97,86,75,94,71,48,0,
2016,8,17,95,84,72,85,66,46,0.88,Rain; Thunderstorm
2016,8,18,92,83,74,93,69,44,T,Rain
2016,8,19,92,83,74,79,58,36,0,
2016,8,20,91,83,75,87,61,34,0,
2016,8,21,91,83,74,88,74,59,0.69,Fog; Rain; Thunderstorm
2016,8,22,85,77,69,73,57,40,0,
2016,8,23,84,76,67,81,62,42,0,
2016,8,24,86,77,67,81,66,51,0,
2016,8,25,89,80,71,85,74,63,0,
2016,8,26,95,86,77,94,69,44,0,
2016,8,27,92,85,77,79,60,41,0,
2016,8,28,90,82,74,87,62,37,0,
2016,8,29,94,83,72,84,64,44,0,
2016,8,30,91,83,75,67,53,38,0,
2016,8,31,91,82,73,82,67,52,0,
2016,9,1,83,78,72,87,75,63,0.03,Rain
2016,9,2,81,74,67,69,54,39,0,Rain
2016,9,3,82,76,70,73,58,42,0,
2016,9,4,83,76,68,73,52,31,0,
2016,9,5,88,77,65,78,58,37,0,
2016,9,6,94,83,71,69,51,32,0,
2016,9,7,94,84,73,88,67,46,0.02,Rain; Thunderstorm
2016,9,8,98,87,75,94,67,40,0,
2016,9,9,96,87,78,91,65,39,0,
2016,9,10,95,86,77,85,69,52,0,
2016,9,11,86,78,70,85,60,34,0,
2016,9,12,86,76,66,73,54,34,0,
2016,9,13,89,79,69,90,67,43,0,
2016,9,14,95,82,69,90,56,22,0,
2016,9,15,77,72,67,73,64,54,0,
2016,9,16,79,73,66,81,62,42,0,
2016,9,17,82,75,68,85,70,47,0,
2016,9,18,89,80,71,100,77,53,0,
2016,9,19,78,76,73,100,91,82,0.46,Rain
2016,9,20,80,76,71,93,82,71,0,
2016,9,21,82,78,73,93,76,58,0,
2016,9,22,87,78,68,84,61,37,0,
2016,9,23,90,78,66,93,67,40,0,
2016,9,24,77,71,65,90,79,68,0,
2016,9,25,75,67,59,100,69,38,0,
2016,9,26,71,68,64,93,78,63,0.12,Rain
2016,9,27,77,71,65,100,72,43,0.43,Rain
2016,9,28,71,68,64,100,92,84,0.31,Rain; Thunderstorm
2016,9,29,70,68,65,100,95,90,1.02,Rain; Thunderstorm
2016,9,30,66,64,62,100,97,93,0.11,Rain; Thunderstorm
2016,10,1,67,65,63,100,97,93,0.23,Rain; Thunderstorm
2016,10,2,76,71,65,100,82,64,0.02,Rain
2016,10,3,78,71,63,100,72,43,0,
2016,10,4,76,68,59,90,76,61,0,
2016,10,5,72,65,58,93,75,57,0,
2016,10,6,70,65,60,90,82,73,0,
2016,10,7,74,68,62,93,83,73,0,
2016,10,8,67,66,65,100,97,93,0.25,Rain
2016,10,9,69,62,54,87,62,37,0.09,Rain
2016,10,10,66,58,49,71,52,32,0,
2016,10,11,68,57,46,82,61,39,0,
2016,10,12,70,60,50,96,75,53,0,
2016,10,13,73,64,54,100,79,57,0,Fog
2016,10,14,67,58,49,80,59,37,0,
2016,10,15,69,60,50,89,66,42,0,
2016,10,16,73,63,53,100,82,64,0,
2016,10,17,82,71,59,100,76,51,0,
2016,10,18,82,73,63,100,78,55,0,
2016,10,19,87,76,65,100,73,46,T,
2016,10,20,85,77,68,93,78,63,0.02,Rain
2016,10,21,79,69,58,93,78,62,0.26,Rain
2016,10,22,61,56,51,72,54,36,T,
2016,10,23,69,57,45,72,56,39,0,
2016,10,24,71,61,51,77,57,36,0,
2016,10,25,64,56,47,56,44,31,0,
2016,10,26,58,50,41,76,58,40,0,
2016,10,27,63,57,50,100,83,66,0.03,Rain; Thunderstorm
2016,10,28,63,55,47,86,60,34,0,
2016,10,29,75,60,44,93,70,46,0,
2016,10,30,80,69,58,93,71,48,T,Rain
2016,10,31,62,55,48,71,55,39,0,
2016,11,1,61,55,48,86,75,63,0,
2016,11,2,73,63,53,100,82,64,0,
2016,11,3,83,71,58,100,70,40,T,Rain
2016,11,4,65,57,49,72,53,34,0,
2016,11,5,69,57,44,71,52,32,0,
2016,11,6,70,60,50,71,47,23,0,
2016,11,7,61,53,44,76,55,33,0,
2016,11,8,68,55,41,86,60,34,0,
2016,11,9,66,59,51,93,78,63,0.19,Rain; Thunderstorm
2016,11,10,63,54,44,70,52,34,0,
2016,11,11,67,57,46,65,50,34,0,
2016,11,12,53,45,37,64,47,29,0,
2016,11,13,64,49,33,76,51,25,0,
2016,11,14,56,46,36,82,64,46,T,Rain
2016,11,15,66,58,49,80,50,20,T,Rain
2016,11,16,67,54,41,89,63,37,0.02,Rain
2016,11,17,63,54,44,93,66,39,0,
2016,11,18,70,56,41,89,63,37,0,
2016,11,19,72,57,42,100,71,41,0.05,Rain
2016,11,20,47,42,37,54,44,33,0,
2016,11,21,47,42,36,44,35,25,0,
2016,11,22,51,43,34,52,38,24,0,
2016,11,23,51,42,32,64,47,29,T,Rain
2016,11,24,57,50,43,82,61,40,T,Rain
2016,11,25,58,51,44,89,78,66,0,
2016,11,26,52,47,42,80,61,42,0,
2016,11,27,54,47,39,73,54,35,0,
2016,11,28,54,45,35,92,69,46,0,
2016,11,29,63,56,48,100,83,66,0.12,Rain
2016,11,30,69,61,52,100,92,84,0.38,Fog; Rain
2016,12,1,63,55,47,93,65,37,0.14,Rain
2016,12,2,55,50,44,53,47,41,0,
2016,12,3,51,47,42,57,50,42,0,
2016,12,4,47,43,38,82,68,53,0.05,Rain
2016,12,5,57,49,40,100,76,51,0.18,Rain
2016,12,6,46,44,42,100,80,60,1.03,Rain
2016,12,7,52,45,37,100,72,44,0,
2016,12,8,48,41,34,92,60,28,0,
2016,12,9,41,36,30,54,46,37,0,
2016,12,10,39,33,26,58,47,35,0,
2016,12,11,43,36,29,70,59,47,0,
2016,12,12,56,49,41,96,73,50,0.16,Rain
2016,12,13,47,44,40,70,64,57,0,
2016,12,14,49,43,37,79,57,34,0,
2016,12,15,40,29,18,52,38,23,0,
2016,12,16,30,24,17,42,36,29,0,
2016,12,17,50,39,28,100,66,32,0.26,Rain; Snow
2016,12,18,67,52,36,93,73,52,0.01,Rain
2016,12,19,39,35,31,59,50,40,0,
2016,12,20,37,32,26,72,58,44,0,
2016,12,21,48,38,27,85,58,31,0,
2016,12,22,60,48,35,64,46,28,0,
2016,12,23,48,40,31,85,65,45,T,Rain
2016,12,24,48,42,36,100,81,62,0.54,Fog; Rain
2016,12,25,51,43,35,100,81,61,0,
2016,12,26,49,43,37,92,84,76,0,
2016,12,27,68,59,49,93,68,42,T,Rain
2016,12,28,52,45,37,70,53,35,0,
2016,12,29,52,44,35,100,71,42,0.24,Rain
2016,12,30,44,38,32,64,50,36,T,Snow
2016,12,31,49,39,28,78,55,31,T,Rain
2017,1,1,55,46,37,76,50,25,0.04,
2017,1,2,45,43,41,100,94,52,0.24,Rain
2017,1,3,46,44,43,100,97,85,0.79,Rain
2017,1,4,57,47,36,100,82,13,0,Fog
2017,1,5,37,34,30,75,47,23,0,Snow
2017,1,6,34,31,28,82,53,28,0,Snow
2017,1,7,27,23,19,84,63,42,0.01,Snow
2017,1,8,25,20,15,54,43,32,0,
2017,1,9,29,23,16,54,44,34,0,
2017,1,10,41,32,22,60,49,38,0,
2017,1,11,57,46,35,92,72,51,0.07,Rain
2017,1,12,72,62,51,96,73,49,0.02,
2017,1,13,65,54,43,83,61,38,T,
2017,1,14,43,39,34,100,73,45,0.29,Rain
2017,1,15,49,43,36,92,61,29,0,
2017,1,16,46,42,38,70,60,49,0.01,Rain
2017,1,17,53,47,41,100,93,86,0.21,Fog; Rain
2017,1,18,60,52,44,100,74,47,0,Fog
2017,1,19,53,47,40,93,76,59,0,
2017,1,20,49,44,39,100,88,76,0.01,Rain
2017,1,21,50,49,47,100,97,93,T,Rain
2017,1,22,52,49,46,100,97,93,0.15,Fog; Rain
2017,1,23,50,45,39,100,93,86,0.67,Rain
2017,1,24,49,44,38,92,77,61,0.03,Rain
2017,1,25,61,53,45,71,54,36,0,
2017,1,26,61,52,43,82,57,32,T,Rain
2017,1,27,45,42,38,53,42,30,0,
2017,1,28,49,41,33,64,48,31,0,
2017,1,29,47,41,35,70,54,37,T,
2017,1,30,39,35,30,92,62,32,0.07,Fog; Snow
2017,1,31,56,42,28,79,54,28,T,Snow
2017,2,1,51,43,34,92,66,39,0,
2017,2,2,50,43,36,70,51,31,0,
2017,2,3,40,35,30,41,36,30,0,
2017,2,4,41,33,24,50,35,20,0,
2017,2,5,54,43,32,70,50,29,0,
2017,2,6,61,47,33,92,66,40,0,
2017,2,7,73,61,48,72,66,59,T,Rain
2017,2,8,74,63,51,89,64,38,T,Rain
2017,2,9,53,39,25,89,63,36,0.12,Rain; Snow; Thunderstorm
2017,2,10,39,31,23,50,39,27,0,
2017,2,11,53,44,34,71,54,37,0,
2017,2,12,55,50,45,86,64,41,0.03,Rain
2017,2,13,47,41,35,56,42,27,0,
2017,2,14,46,38,30,75,60,45,T,Rain
2017,2,15,55,46,37,79,57,34,0,
2017,2,16,42,37,32,61,47,33,T,Snow
2017,2,17,51,40,28,64,48,31,0,
2017,2,18,68,51,33,82,57,31,0,
2017,2,19,71,60,49,86,60,33,0.01,Rain
2017,2,20,68,56,43,92,58,24,0,
2017,2,21,58,50,41,71,53,35,0,
2017,2,22,63,55,46,93,78,62,T,Rain
2017,2,23,75,64,53,100,75,49,0,
2017,2,24,77,66,54,100,73,46,0,
2017,2,25,75,60,44,93,66,38,0.18,Rain; Thunderstorm
2017,2,26,50,43,35,48,39,29,0,
2017,2,27,55,46,36,85,57,29,0,
2017,2,28,68,58,47,100,75,50,0.34,Rain
2017,3,1,80,68,56,100,75,50,0.02,Rain
2017,3,2,63,52,40,78,54,29,0.01,Rain
2017,3,3,44,38,31,82,52,22,T,Snow
2017,3,4,44,35,26,55,39,22,0,
2017,3,5,40,32,23,42,30,17,0,
2017,3,6,54,44,33,69,54,38,T,
2017,3,7,71,59,47,93,70,47,0.07,Rain
2017,3,8,68,59,50,80,48,15,0.01,Rain
2017,3,9,74,61,47,40,27,13,0,
2017,3,10,57,44,31,65,50,35,0.09,Rain; Snow
2017,3,11,40,33,26,50,36,22,0,
2017,3,12,43,35,27,43,35,27,0,
2017,3,13,46,37,28,96,64,24,0.47,Fog; Rain; Snow
2017,3,14,39,33,26,76,61,46,0.89,Fog; Rain; Snow
2017,3,15,33,28,22,52,42,32,0,
2017,3,16,42,33,24,55,44,33,0,
2017,3,17,52,41,29,70,47,24,0.01,Rain
2017,3,18,59,50,40,92,73,53,0.37,Rain
2017,3,19,54,45,36,92,71,50,0.26,Rain; Snow
2017,3,20,54,46,37,76,57,38,0,
2017,3,21,63,55,46,76,61,46,T,Rain
2017,3,22,59,48,37,51,34,16,0,
2017,3,23,48,39,30,52,35,17,0,
2017,3,24,62,49,36,76,58,39,0.13,Rain
2017,3,25,78,66,54,77,58,39,0,
2017,3,26,56,52,47,100,84,67,T,Rain
2017,3,27,76,61,46,100,79,57,0.01,Fog; Rain
2017,3,28,74,66,57,93,73,53,0.02,Rain
2017,3,29,67,60,52,87,60,32,T,
2017,3,30,55,51,46,71,58,45,0,
2017,3,31,54,50,45,100,86,71,0.96,Rain
2017,4,1,61,54,46,93,72,51,0.01,Rain
2017,4,2,66,55,43,66,48,30,0,
2017,4,3,68,58,48,90,65,40,0.11,Rain
2017,4,4,82,71,60,100,64,28,T,
2017,4,5,74,67,59,62,50,38,0,
2017,4,6,61,56,51,93,72,50,1.57,Rain; Thunderstorm
2017,4,7,51,47,42,65,54,42,T,Rain
2017,4,8,65,52,39,54,35,16,0,
2017,4,9,72,57,42,66,47,27,0,
2017,4,10,82,66,50,71,47,22,0,
2017,4,11,84,72,59,72,51,29,0,
2017,4,12,79,71,62,73,49,25,T,Rain
2017,4,13,71,63,54,51,37,22,0,
2017,4,14,73,64,54,66,49,31,0,
2017,4,15,77,66,55,81,68,54,0,
2017,4,16,89,77,65,81,55,28,T,
2017,4,17,74,67,60,87,66,44,0.07,Rain
2017,4,18,72,63,54,84,58,31,0,
2017,4,19,63,58,53,83,72,60,T,Rain
2017,4,20,82,70,57,93,72,51,0.11,Rain; Thunderstorm
2017,4,21,81,73,64,100,85,69,0.12,Rain; Thunderstorm
2017,4,22,64,58,51,97,92,86,0.31,Rain; Thunderstorm
2017,4,23,61,55,49,89,70,51,0,
2017,4,24,57,55,53,93,80,67,0.23,Rain
2017,4,25,61,57,53,100,95,90,0.08,Rain
2017,4,26,72,65,58,93,80,66,0.01,Rain
2017,4,27,83,71,58,97,76,54,T,
2017,4,28,84,75,65,90,65,40,T,Rain; Thunderstorm
2017,4,29,91,81,70,97,69,41,0,Thunderstorm
2017,4,30,88,77,66,93,72,51,0,
2017,5,1,84,74,64,93,74,55,T,Rain
2017,5,2,80,72,63,84,53,21,0,
2017,5,3,67,62,56,51,43,34,0,
2017,5,4,67,60,53,93,69,45,0.13,Rain
2017,5,5,76,67,58,100,87,73,1.75,Rain; Thunderstorm
2017,5,6,65,58,50,93,83,72,0.07,Rain
2017,5,7,65,56,46,82,58,34,T,
2017,5,8,65,56,47,65,45,25,0,
2017,5,9,67,57,46,71,47,22,0,
2017,5,10,76,63,50,83,54,25,0,
2017,5,11,63,58,52,100,76,52,1.04,Rain; Thunderstorm
2017,5,12,59,55,50,93,83,72,0.31,Rain
2017,5,13,61,56,50,96,82,67,0.51,Rain
2017,5,14,82,65,47,100,61,21,T,
2017,5,15,77,66,54,51,37,23,0,
2017,5,16,79,67,55,72,56,39,0,
2017,5,17,91,77,62,78,61,44,0,
2017,5,18,88,79,70,90,70,50,0.03,Rain; Thunderstorm
2017,5,19,93,82,70,97,69,41,0,Thunderstorm
2017,5,20,73,67,61,93,70,46,0,
2017,5,21,69,64,59,65,58,51,T,
2017,5,22,72,65,58,97,85,72,0.34,Rain
2017,5,23,67,64,60,100,87,73,0.06,Rain
2017,5,24,66,62,58,93,86,78,0.26,Rain
2017,5,25,75,67,58,100,82,64,0.75,Rain; Thunderstorm
2017,5,26,78,68,58,100,73,46,0,
2017,5,27,74,68,61,93,75,57,0.03,Rain
2017,5,28,74,68,62,100,82,64,0.08,Rain
2017,5,29,85,75,64,100,66,32,T,Rain; Thunderstorm
2017,5,30,72,68,63,100,92,84,0.17,Rain; Thunderstorm
2017,5,31,80,73,65,100,79,58,0.02,Rain; Thunderstorm
2017,6,1,85,74,63,100,63,26,0,
2017,6,2,83,72,61,73,49,25,0,
2017,6,3,86,74,61,67,46,24,0,
2017,6,4,87,75,62,90,66,42,0,
2017,6,5,77,73,69,97,83,69,T,Rain
2017,6,6,79,72,64,93,66,38,0,Rain
2017,6,7,69,64,59,93,76,58,0,
2017,6,8,76,66,56,86,62,38,0,
2017,6,9,84,72,59,78,55,31,0,
2017,6,10,87,76,65,81,59,37,0,
2017,6,11,93,82,71,84,60,36,0,
2017,6,12,95,85,74,87,59,31,0,
2017,6,13,95,85,75,87,64,41,0,
2017,6,14,91,83,74,85,69,52,0,Thunderstorm
2017,6,15,85,79,72,79,60,40,0,
2017,6,16,84,77,70,90,76,61,0.36,Rain; Thunderstorm
2017,6,17,89,82,74,94,77,59,T,
2017,6,18,92,84,76,94,73,52,0,
2017,6,19,89,81,72,94,77,59,0.53,Rain; Thunderstorm
2017,6,20,88,79,70,100,67,34,T,
2017,6,21,90,81,71,84,59,34,0,
2017,6,22,88,82,76,91,71,50,0,
2017,6,23,89,81,73,91,77,63,0.1,Rain
2017,6,24,89,82,74,87,62,36,0.07,Rain
2017,6,25,88,80,72,73,50,27,0,
2017,6,26,84,76,68,64,45,25,0,
2017,6,27,82,74,66,55,42,28,0.07,Rain
2017,6,28,83,72,61,67,48,28,0,
2017,6,29,91,79,66,81,61,41,0,Rain
2017,6,30,94,84,73,74,58,41,0,
2017,7,1,93,83,73,91,74,56,0.65,Rain; Thunderstorm
2017,7,2,93,84,75,94,68,41,0,
2017,7,3,92,84,75,82,59,36,0,
2017,7,4,92,84,76,87,66,44,0.04,Rain; Thunderstorm
2017,7,5,84,79,74,94,80,65,0.7,Rain
2017,7,6,82,78,74,100,90,79,0.87,Rain; Thunderstorm
2017,7,7,91,82,73,94,69,44,0.01,Rain
2017,7,8,90,81,72,93,65,37,0,
2017,7,9,86,78,69,78,55,32,0,
2017,7,10,90,81,72,84,67,50,0,
2017,7,11,92,84,75,94,69,44,T,
2017,7,12,95,86,77,80,62,44,0,
2017,7,13,97,88,79,91,69,46,0,
2017,7,14,97,85,73,94,70,45,0.73,Rain; Thunderstorm
2017,7,15,90,83,76,100,71,41,0,
2017,7,16,89,80,71,74,59,43,0,
2017,7,17,91,84,76,94,71,47,T,Rain; Thunderstorm
2017,7,18,92,85,77,91,72,52,T,Thunderstorm
2017,7,19,97,87,77,91,63,35,0,
2017,7,20,98,89,79,85,60,35,0,
2017,7,21,97,89,81,82,64,45,0,
2017,7,22,96,85,74,79,63,46,0.98,Rain; Thunderstorm
2017,7,23,89,81,73,100,80,59,1.39,Fog; Rain; Thunderstorm
2017,7,24,91,83,74,94,71,47,T,Rain
2017,7,25,82,77,71,74,63,51,0,
2017,7,26,85,77,69,87,66,44,0,
2017,7,27,86,80,73,87,78,69,T,Rain; Thunderstorm
2017,7,28,81,76,71,100,92,77,3.31,Rain; Thunderstorm
2017,7,29,77,73,68,100,75,50,0.47,Rain; Thunderstorm
2017,7,30,83,73,63,73,55,37,0,
2017,7,31,91,79,66,87,63,38,0,
2017,8,1,91,81,70,90,67,44,0,Thunderstorm
2017,8,2,90,82,73,93,70,47,0,
2017,8,3,90,81,72,94,73,52,0.06,Rain; Thunderstorm
2017,8,4,90,82,74,87,70,52,0,
2017,8,5,81,76,71,85,62,39,0,
2017,8,6,83,75,67,73,62,51,T,
2017,8,7,75,73,70,100,87,73,1.46,Rain
2017,8,8,81,76,70,97,74,51,0.04,Rain
2017,8,9,86,76,65,87,61,34,0,
2017,8,10,83,75,67,87,65,43,0,
2017,8,11,85,78,71,100,82,64,0.76,Rain; Thunderstorm
2017,8,12,85,79,72,100,87,74,0.52,Rain; Thunderstorm
2017,8,13,86,78,70,93,71,48,0,
2017,8,14,80,76,71,93,80,67,0,
2017,8,15,83,79,75,100,87,74,0.17,Rain; Thunderstorm
2017,8,16,91,82,72,100,72,44,0,
2017,8,17,89,83,76,94,81,68,0,
2017,8,18,91,85,78,97,84,70,0.51,Rain; Thunderstorm
2017,8,19,91,82,73,97,71,44,0.01,Rain; Thunderstorm
2017,8,20,88,79,70,76,57,37,0,
2017,8,21,90,83,75,88,76,64,0.01,Rain; Thunderstorm
2017,8,22,92,84,75,100,76,52,0,
2017,8,23,86,80,73,74,59,44,0,
2017,8,24,84,78,71,68,51,34,0,
2017,8,25,81,73,65,87,66,45,0.05,Rain
2017,8,26,81,73,65,87,66,45,0,
2017,8,27,79,73,66,81,62,42,0,
2017,8,28,78,71,64,87,67,47,0,
2017,8,29,69,67,65,100,83,66,0.94,Rain
2017,8,30,79,71,62,93,73,52,0,
2017,8,31,86,77,68,93,71,48,0,
2017,9,1,73,68,63,73,61,48,T,
2017,9,2,65,61,57,100,82,63,0.77,Rain
2017,9,3,80,72,63,100,73,45,T,Rain
2017,9,4,82,72,62,90,66,42,0,
2017,9,5,87,78,69,97,74,51,0.07,Rain; Thunderstorm
2017,9,6,72,67,61,100,94,87,0.55,Rain
2017,9,7,75,67,59,100,71,41,0,
2017,9,8,77,67,56,86,65,43,0,
2017,9,9,73,65,57,80,62,44,0,
2017,9,10,74,64,53,84,65,46,0,
2017,9,11,75,66,57,86,66,46,0,
2017,9,12,80,72,63,84,62,39,0,
2017,9,13,80,74,67,100,84,67,0.04,Rain
2017,9,14,82,76,69,97,76,55,T,Rain
2017,9,15,83,75,67,90,72,54,0,
2017,9,16,87,77,66,93,72,51,0,
2017,9,17,85,77,68,100,80,59,0,
2017,9,18,77,74,70,93,84,74,0,
2017,9,19,84,76,68,90,74,58,0,
2017,9,20,88,79,70,87,65,43,0,
2017,9,21,88,78,67,87,67,46,0,
2017,9,22,83,77,70,90,73,55,0,
2017,9,23,89,77,65,84,60,36,0,
2017,9,24,92,80,67,82,62,41,0,
2017,9,25,91,81,70,93,69,44,0,
2017,9,26,86,78,69,90,76,61,0,
2017,9,27,91,82,72,87,68,49,0,
2017,9,28,81,74,66,79,55,30,0,
2017,9,29,75,67,58,73,54,35,0,
2017,9,30,70,64,57,67,52,37,0,
2017,10,1,71,61,51,78,61,44,0,
2017,10,2,74,63,52,89,65,41,0,
2017,10,3,75,66,56,93,62,31,0,
2017,10,4,77,67,56,93,74,54,0,
2017,10,5,80,69,58,90,68,45,0,
2017,10,6,83,74,65,93,72,51,0,
2017,10,7,85,75,65,93,76,58,T,Rain
2017,10,8,83,79,75,100,87,74,0.06,Rain
2017,10,9,86,80,74,100,87,74,0.56,Rain
2017,10,10,86,79,72,94,77,59,T,
2017,10,11,75,71,67,100,91,82,0.06,Rain; Thunderstorm
2017,10,12,68,65,61,100,84,67,0.05,Rain
2017,10,13,66,63,60,100,84,67,0,
2017,10,14,71,67,62,100,89,78,0,
2017,10,15,79,72,64,100,84,67,T,Rain
2017,10,16,73,63,52,93,64,34,0.1,Rain
2017,10,17,64,55,46,71,51,30,0,
2017,10,18,71,58,45,83,62,40,0,
2017,10,19,72,61,49,93,69,44,0,
2017,10,20,77,66,55,93,63,33,0,
2017,10,21,78,65,52,93,60,27,0,
2017,10,22,77,66,54,89,67,44,0,
2017,10,23,78,69,60,100,80,60,0.03,Fog; Rain
2017,10,24,73,66,58,97,75,53,0.1,Rain
2017,10,25,64,57,50,63,51,39,0,
2017,10,26,62,56,50,66,49,32,T,
2017,10,27,71,57,43,82,64,45,0,
2017,10,28,73,64,54,87,68,49,0,
2017,10,29,68,58,47,96,91,86,0.97,Rain
2017,10,30,60,53,45,86,60,33,0.09,Rain
2017,10,31,63,54,44,76,53,30,0,
2017,11,1,64,55,46,100,81,61,T,Rain
2017,11,2,77,64,51,100,77,54,T,
2017,11,3,78,68,58,100,76,52,0,
2017,11,4,61,55,49,100,78,55,0.58,Rain
2017,11,5,62,58,54,100,97,93,0.09,Rain
2017,11,6,70,63,56,100,86,72,T,Thunderstorm
2017,11,7,56,49,42,100,83,65,1.07,Rain
2017,11,8,49,46,42,96,84,71,T,
2017,11,9,57,51,45,93,83,72,0.03,Rain
2017,11,10,50,41,32,100,67,34,0,
2017,11,11,39,33,26,61,47,32,0,
2017,11,12,47,39,31,76,61,45,0.01,Rain
2017,11,13,53,47,41,93,76,59,0.13,Rain
2017,11,14,51,45,39,92,69,46,0,
2017,11,15,55,45,35,82,68,54,0,
2017,11,16,64,54,44,83,59,34,T,Rain
2017,11,17,54,47,40,76,57,38,0,
2017,11,18,63,50,37,85,66,46,T,Rain
2017,11,19,64,54,43,84,63,41,0.07,Rain
2017,11,20,53,46,38,57,44,30,0,
2017,11,21,62,51,40,77,57,36,0,
2017,11,22,59,48,37,89,65,41,0.01,Rain
2017,11,23,47,40,32,66,52,37,0,
2017,11,24,53,43,32,89,67,44,0,
2017,11,25,60,49,38,92,66,40,0,
2017,11,26,55,49,43,60,49,38,0,
2017,11,27,62,50,38,79,56,33,0,
2017,11,28,61,50,39,92,64,36,0,
2017,11,29,70,56,42,89,60,31,0,
2017,11,30,60,51,42,83,68,53,0.01,Rain
2017,12,1,57,50,42,100,72,43,0,
2017,12,2,53,45,36,92,73,54,0,
2017,12,3,57,48,38,89,65,41,0.03,Rain
2017,12,4,56,46,36,92,69,46,0,
2017,12,5,60,53,45,100,90,80,0.07,Rain
2017,12,6,57,50,42,93,61,28,T,Rain
2017,12,7,51,46,40,57,44,31,0,
2017,12,8,42,40,37,82,62,41,0,
2017,12,9,38,35,32,92,84,75,0.18,Snow
2017,12,10,41,36,30,92,69,45,0,
2017,12,11,49,42,35,75,57,39,0,
2017,12,12,49,37,25,73,53,33,0,
2017,12,13,37,30,23,44,37,29,T,Snow
2017,12,14,44,38,31,52,43,34,0,
2017,12,15,31,28,25,92,68,43,0.01,Snow
2017,12,16,48,37,25,84,61,38,0,
2017,12,17,50,40,30,85,68,50,0,
2017,12,18,56,48,39,82,64,46,0,
2017,12,19,62,51,40,92,66,39,0,
2017,12,20,56,47,38,82,59,35,0,
2017,12,21,46,39,32,69,53,37,0,
2017,12,22,57,47,36,82,65,47,0,
2017,12,23,65,55,45,100,86,71,0.18,Rain
2017,12,24,46,43,39,85,72,58,T,Rain
2017,12,25,41,36,31,85,56,27,T,
2017,12,26,39,35,30,41,35,29,0,
2017,12,27,33,26,19,58,46,34,0,
2017,12,28,25,21,16,51,42,32,0,
2017,12,29,32,26,19,57,44,31,0,
2017,12,30,33,28,22,92,65,38,0.03,Snow
2017,12,31,23,20,16,56,48,39,0,